,player,team,games,position,recTarg,recRec,recRec40s,recYds,recYds100Games,recTds,recTd40s,recDrops,catch,depth,ypt,ypr,rac,rushCarries,rush40s,rushYds,rushYds100Games,rushTds,rushTd40s,ypc,yac,rushTa,fantasyPts,ptsPerSnap,ptsPerTouch,year
0,Vyncint Smith,HST,6,WR,9,5,0,91,0,1,0,1,55.6,23.33,10.11,18.2,0.8,0,0,0,0,0,0,0.0,0.0,0,14.6,0.1,3.52,2018
1,Keelan Cole,JAX,16,WR,64,38,0,491,1,1,0,6,59.4,10.19,7.67,12.92,3.63,0,0,0,0,0,0,0.0,0.0,0,5.6,0.11,1.95,2018
2,Derrick Willies,CLV,4,WR,5,3,0,61,0,0,0,0,60.0,11.8,12.2,20.33,11.0,0,0,0,0,0,0,0.0,0.0,0,0.0,0.25,2.53,2018
3,D.J. Moore,CAR,16,WR,76,54,3,781,1,2,1,4,71.1,9.62,10.28,14.46,7.91,13,0,172,0,0,0,13.23,7.77,6,66.7,0.18,2.0,2018
4,Calvin Ridley,ATL,16,WR,91,64,4,821,1,10,3,8,70.3,10.38,9.02,12.83,5.73,5,0,24,0,0,0,4.8,3.0,1,0.0,0.27,2.56,2018
5,Robert Foster,BUF,13,WR,44,27,4,541,3,3,2,1,61.4,20.95,12.3,20.04,5.93,0,0,0,0,0,0,0.0,0.0,0,191.1,0.19,3.17,2018
6,Auden Tate,CIN,6,WR,12,4,0,35,0,0,0,1,33.3,10.83,2.92,8.75,0.75,0,0,0,0,0,0,0.0,0.0,0,160.6,0.07,1.38,2018
7,Courtland Sutton,DEN,16,WR,79,42,3,704,0,4,0,9,53.2,15.57,8.91,16.76,3.98,1,0,-1,0,0,0,-1.0,2.0,0,189.0,0.14,2.68,2018
8,Allen Lazard,GB,1,WR,1,1,0,7,0,0,0,0,100.0,5.0,7.0,7.0,2.0,0,0,0,0,0,0,0.0,0.0,0,163.5,1.2,1.2,2018
9,Dante Pettis,SF,11,WR,40,27,1,467,1,5,1,1,67.5,12.13,11.68,17.3,7.93,1,0,-2,0,0,0,-2.0,1.0,0,10.8,0.2,3.21,2018
10,Antonio Callaway,CLV,16,WR,78,43,3,586,0,5,1,6,55.1,14.51,7.51,13.63,5.42,2,0,7,0,0,0,3.5,0.5,0,162.9,0.14,2.46,2018
11,Malik Turner,SEA,6,WR,2,2,0,20,0,0,0,0,100.0,3.0,10.0,10.0,7.0,0,0,0,0,0,0,0.0,0.0,0,62.4,0.07,1.5,2018
12,Trent Sherfield,ARZ,9,WR,27,19,0,210,0,1,0,1,70.4,11.0,7.78,11.05,1.95,0,0,0,0,0,0,0.0,0.0,0,44.3,0.11,1.92,2018
13,James Washington,PIT,14,WR,36,16,1,217,0,1,0,1,44.4,17.33,6.03,13.56,3.44,0,0,0,0,0,0,0.0,0.0,0,184.9,0.07,2.23,2018
14,Christian Kirk,ARZ,12,WR,65,43,2,590,0,3,2,3,66.2,10.03,9.08,13.72,5.33,3,0,35,0,0,0,11.67,1.0,0,12.9,0.19,2.22,2018
15,Russell Gage,ATL,10,WR,10,6,0,63,0,0,0,2,60.0,10.2,6.3,10.5,3.5,0,0,0,0,0,0,0.0,0.0,0,1.1,0.15,1.55,2018
16,Chris Lacy,DET,1,WR,1,0,0,0,0,0,0,0,0.0,10.0,0.0,0.0,0.0,0,0,0,0,0,0,0.0,0.0,0,1.7,0.0,0.0,2018
17,Richie James Jr.,SF,11,WR,13,9,1,130,0,1,0,1,69.2,4.85,10.0,14.44,11.33,0,0,0,0,0,0,0.0,0.0,0,0.0,0.12,2.61,2018
18,KhaDarel Hodge,LA,13,WR,3,2,0,17,0,0,0,0,66.7,7.67,5.67,8.5,0.0,0,0,0,0,0,0,0.0,0.0,0,8.0,0.03,1.35,2018
19,Michael Gallup,DAL,16,WR,66,33,2,507,0,2,1,3,50.0,14.38,7.68,15.36,5.09,0,0,0,0,0,0,0.0,0.0,0,162.1,0.11,2.4,2018
20,Marcell Ateman,OAK,7,WR,30,15,0,154,0,1,0,2,50.0,11.97,5.13,10.27,2.27,0,0,0,0,0,0,0.0,0.0,0,113.5,0.08,1.93,2018
21,Victor Bolden Jr.,BUF,4,WR,4,1,0,10,0,0,0,0,25.0,12.75,2.5,10.0,1.0,0,0,0,0,0,0,0.0,0.0,0,187.3,0.02,1.5,2018
22,Keon Hatcher,OAK,2,WR,2,1,0,8,0,0,0,0,50.0,7.0,4.0,8.0,8.0,0,0,0,0,0,0,0.0,0.0,0,4.7,0.22,1.3,2018
23,Bobo Wilson,TB,5,WR,5,4,0,52,0,0,0,0,80.0,10.8,10.4,13.0,5.0,0,0,0,0,0,0,0.0,0.0,0,34.1,0.1,1.8,2018
24,Malachi Dupre,ARZ,1,WR,0,0,0,0,0,0,0,0,0.0,0.0,0.0,0.0,0.0,0,0,0,0,0,0,0.0,0.0,0,5.8,0.0,0.0,2018
25,Noah Brown,DAL,8,WR,8,5,0,54,0,0,0,0,62.5,10.25,6.75,10.8,4.2,0,0,0,0,0,0,0.0,0.0,0,30.9,0.08,1.58,2018
26,David Moore,SEA,16,WR,50,26,2,445,1,5,0,2,52.0,16.88,8.9,17.12,3.42,1,0,5,0,0,0,5.0,4.0,2,104.5,0.14,3.26,2018
27,Josh Malone,CIN,9,WR,4,1,0,12,0,0,0,1,25.0,9.5,3.0,12.0,0.0,0,0,0,0,0,0,0.0,0.0,0,29.0,0.02,1.7,2018
28,Chad Williams,ARZ,10,WR,42,17,0,171,0,1,0,3,40.5,13.64,4.07,10.06,1.06,1,0,9,0,0,0,9.0,9.0,0,35.5,0.08,1.81,2018
29,Taywan Taylor,TEN,13,WR,55,37,2,466,1,1,0,5,67.3,13.58,8.47,12.59,4.73,0,0,0,0,0,0,0.0,0.0,0,76.8,0.16,1.92,2018
30,Zay Jones,BUF,16,WR,99,56,1,652,0,7,0,3,56.6,13.11,6.59,11.64,2.32,1,0,0,0,0,0,0.0,4.0,0,0.0,0.14,2.37,2018
31,Jaydon Mickens,JAX,1,WR,0,0,0,0,0,0,0,0,0.0,0.0,0.0,0.0,0.0,0,0,0,0,0,0,0.0,0.0,0,27.9,0.0,0.0,2018
32,Max McCaffrey,SF,1,WR,0,0,0,0,0,0,0,0,0.0,0.0,0.0,0.0,0.0,0,0,0,0,0,0,0.0,0.0,0,4.4,0.0,0.0,2018
33,Johnny Holton,OAK,1,WR,1,0,0,0,0,0,0,0,0.0,40.0,0.0,0.0,0.0,0,0,0,0,0,0,0.0,0.0,0,179.7,0.0,0.0,2018
34,Geronimo Allison,GB,5,WR,28,20,1,303,0,2,1,3,71.4,13.32,10.82,15.15,5.65,0,0,0,0,0,0,0.0,0.0,0,146.0,0.22,2.61,2018
35,Alonzo Russell,NYG,1,WR,0,0,0,0,0,0,0,0,0.0,0.0,0.0,0.0,0.0,0,0,0,0,0,0,0.0,0.0,0,14.1,0.0,0.0,2018
36,Maurice Harris,WAS,12,WR,44,28,1,304,1,0,0,1,63.6,11.09,6.91,10.86,3.18,2,0,10,0,0,0,5.0,1.0,0,0.0,0.1,1.51,2018
37,Mose Frazier,CAR,1,WR,0,0,0,0,0,0,0,0,0.0,0.0,0.0,0.0,0.0,0,0,0,0,0,0,0.0,0.0,0,8.0,0.0,0.0,2018
38,Jakeem Grant,MIA,10,WR,31,21,1,268,0,2,1,1,67.7,8.81,8.65,12.76,6.76,1,0,5,0,0,0,5.0,1.0,0,16.9,0.18,2.26,2018
39,Rashard Higgins,CLV,13,WR,51,39,1,572,0,4,0,3,76.5,11.98,11.22,14.67,3.9,0,0,0,0,0,0,0.0,0.0,0,4.1,0.21,2.58,2018
40,Michael Thomas,NO,16,WR,146,125,2,1405,4,9,1,3,85.6,7.93,9.62,11.24,4.02,0,0,0,0,0,0,0.0,0.0,0,0.9,0.28,2.06,2018
41,Josh Doctson,WAS,15,WR,75,44,0,532,0,2,0,3,58.7,15.37,7.09,12.09,2.89,0,0,0,0,0,0,0.0,0.0,0,2.7,0.1,1.98,2018
42,Will Fuller V,HST,7,WR,42,32,1,503,3,4,1,0,76.2,14.95,11.98,15.72,5.16,0,0,0,0,0,0,0.0,0.0,0,51.4,0.24,2.82,2018
43,Corey Coleman,NYG,8,WR,8,5,0,71,0,0,0,1,62.5,12.75,8.88,14.2,2.0,1,0,5,0,0,0,5.0,2.0,0,217.5,0.08,1.68,2018
44,Bradley Marquez,DET,1,WR,0,0,0,0,0,0,0,0,0.0,0.0,0.0,0.0,0.0,0,0,0,0,0,0,0.0,0.0,0,223.5,0.0,0.0,2018
45,Stefon Diggs,MIN,15,WR,141,102,2,1021,4,9,1,1,72.3,9.82,7.24,10.01,4.29,10,0,62,0,0,0,6.2,1.3,0,83.0,0.24,1.9,2018
46,Rashad Greene Sr.,JAX,8,WR,9,6,0,60,0,0,0,1,66.7,7.22,6.67,10.0,2.33,0,0,0,0,0,0,0.0,0.0,0,136.8,0.08,1.5,2018
47,Devin Funchess,CAR,14,WR,77,44,0,549,0,4,0,6,57.1,13.29,7.13,12.48,1.8,0,0,0,0,0,0,0.0,0.0,0,36.3,0.16,2.29,2018
48,Phillip Dorsett,NE,16,WR,43,32,0,290,0,3,0,2,74.4,12.12,6.74,9.06,3.19,4,0,29,0,0,0,7.25,2.0,0,4.5,0.17,1.83,2018
49,Kevin White,CHI,9,WR,8,4,1,92,0,0,0,0,50.0,23.13,11.5,23.0,1.0,0,0,0,0,0,0,0.0,0.0,0,134.2,0.07,2.8,2018
50,Allen Hurns,DAL,16,WR,33,20,1,295,0,2,0,1,60.6,14.52,8.94,14.75,4.0,0,0,0,0,0,0,0.0,0.0,0,2.4,0.11,2.58,2018
51,Quincy Enunwa,NYJ,11,WR,62,38,2,449,0,1,0,6,61.3,8.23,7.24,11.82,7.47,1,0,0,0,0,0,0.0,4.0,1,4.3,0.13,1.79,2018
52,De'Anthony Thomas,KC,5,WR,5,3,0,29,0,1,0,0,60.0,14.6,5.8,9.67,10.0,1,0,6,0,0,0,6.0,1.0,0,28.4,0.31,2.75,2018
53,Martavis Bryant,OAK,8,WR,26,19,1,266,0,0,0,2,73.1,11.96,10.23,14.0,6.95,3,0,23,0,0,0,7.67,3.0,1,181.9,0.17,1.75,2018
54,Cody Latimer,NYG,6,WR,16,11,0,190,0,1,0,0,68.8,19.94,11.88,17.27,2.36,0,0,0,0,0,0,0.0,0.0,0,300.1,0.15,2.77,2018
55,Davante Adams,GB,15,WR,162,111,5,1386,5,13,0,5,68.5,11.69,8.56,12.49,4.3,0,0,0,0,0,0,0.0,0.0,0,0.0,0.29,2.45,2018
56,Jordan Matthews,PHI,14,WR,26,20,1,300,0,2,1,1,76.9,11.0,11.54,15.0,3.9,0,0,0,0,0,0,0.0,0.0,0,109.5,0.15,2.6,2018
57,Kelvin Benjamin,KC,15,WR,64,25,1,380,0,1,0,5,39.1,16.59,5.94,15.2,2.2,0,0,0,0,0,0,0.0,0.0,0,122.1,0.11,2.26,2018
58,Brandin Cooks,LA,16,WR,110,80,4,1204,5,5,1,1,72.7,13.2,10.95,15.05,4.4,10,0,68,0,1,0,6.8,1.4,0,2.7,0.21,2.26,2018
59,Mike Evans,TB,16,WR,135,86,6,1524,8,8,3,7,63.7,16.55,11.29,17.72,3.42,0,0,0,0,0,0,0.0,0.0,0,57.9,0.26,2.83,2018
60,Jaron Brown,SEA,16,WR,18,14,1,166,0,5,0,0,77.8,14.67,9.22,11.86,3.36,0,0,0,0,0,0,0.0,0.0,0,186.8,0.15,3.83,2018
61,Nick Williams,LA,4,WR,5,2,0,17,0,0,0,1,40.0,9.0,3.4,8.5,2.5,0,0,0,0,0,0,0.0,0.0,0,4.7,0.04,1.35,2018
62,Terrance Williams,DAL,3,WR,2,2,0,18,0,0,0,0,100.0,5.5,9.0,9.0,3.5,0,0,0,0,0,0,0.0,0.0,0,86.3,0.07,1.4,2018
63,DeAndre Hopkins,HST,16,WR,159,115,4,1572,7,11,2,0,72.3,12.21,9.89,13.67,3.37,1,0,-7,0,0,0,-7.0,0.0,0,120.1,0.26,2.41,2018
64,Josh Gordon,NE,12,WR,67,41,3,737,2,4,1,5,61.2,14.37,11.0,17.98,6.51,0,0,0,0,0,0,0.0,0.0,0,74.5,0.19,2.88,2018
65,Rod Streater,CLV,2,WR,0,0,0,0,0,0,0,0,0.0,0.0,0.0,0.0,0.0,1,0,-11,0,0,0,-11.0,0.0,0,49.6,-0.05,-1.1,2018
66,Rishard Matthews,NYJ,7,WR,9,5,0,24,0,0,0,0,55.6,5.0,2.67,4.8,1.0,0,0,0,0,0,0,0.0,0.0,0,3.8,0.03,0.98,2018
67,T.Y. Hilton,IND,14,WR,116,76,6,1270,5,6,1,4,65.5,11.58,10.95,16.71,5.88,0,0,0,0,0,0,0.0,0.0,0,195.9,0.26,2.64,2018
68,Alshon Jeffery,PHI,13,WR,90,65,2,843,2,6,0,5,72.2,10.96,9.37,12.97,4.15,0,0,0,0,0,0,0.0,0.0,0,171.2,0.2,2.35,2018
69,Brian Quick,WAS,5,WR,3,3,0,18,0,0,0,0,100.0,5.33,6.0,6.0,0.67,0,0,0,0,0,0,0.0,0.0,0,96.5,0.04,1.1,2018
70,Dontrelle Inman,IND,9,WR,38,28,0,304,0,3,0,3,73.7,11.16,8.0,10.86,2.07,0,0,0,0,0,0,0.0,0.0,0,165.5,0.17,2.23,2018
71,Chris Hogan,NE,16,WR,51,35,2,532,0,3,1,2,68.6,13.1,10.43,15.2,5.51,0,0,0,0,0,0,0.0,0.0,0,197.2,0.11,2.53,2018
72,Julio Jones,ATL,16,WR,166,113,2,1677,10,8,0,8,68.1,14.27,10.1,14.84,4.0,2,0,12,0,0,0,6.0,8.0,1,112.5,0.33,2.38,2018
73,Antonio Brown,PIT,15,WR,164,104,6,1297,5,15,4,1,63.4,11.65,7.91,12.47,4.75,0,0,0,0,0,0,0.0,0.0,0,212.3,0.27,2.61,2018
74,Mike Wallace,PHI,2,WR,3,0,0,0,0,0,0,0,0.0,35.67,0.0,0.0,0.0,0,0,0,0,0,0,0.0,0.0,0,3.0,0.0,0.0,2018
75,Michael Crabtree,BLT,16,WR,98,54,0,607,0,3,0,11,55.1,11.0,6.19,11.24,2.52,0,0,0,0,0,0,0.0,0.0,0,102.6,0.13,1.96,2018
76,Darrius Heyward-Bey,PIT,14,WR,2,1,0,9,0,0,0,0,50.0,17.0,4.5,9.0,10.0,1,0,-7,0,0,0,-7.0,1.0,0,94.6,0.01,0.35,2018
77,Ted Ginn Jr.,NO,5,WR,29,17,1,209,0,2,0,2,58.6,17.72,7.21,12.29,2.82,3,0,26,0,0,0,8.67,1.33,1,100.7,0.22,2.2,2018
78,Brandon Zylstra,MIN,9,WR,2,1,0,23,0,0,0,0,50.0,26.0,11.5,23.0,8.0,0,0,0,0,0,0,0.0,0.0,0,224.6,0.16,2.8,2018
79,DaeSean Hamilton,DEN,14,WR,45,30,0,243,0,2,0,2,66.7,8.69,5.4,8.1,2.37,0,0,0,0,0,0,0.0,0.0,0,0.0,0.11,1.71,2018
80,Da'Mari Scott,BUF,1,WR,0,0,0,0,0,0,0,0,0.0,0.0,0.0,0.0,0.0,0,0,0,0,0,0,0.0,0.0,0,35.4,0.0,0.0,2018
81,Trey Quinn,WAS,3,WR,10,9,0,75,0,1,0,0,90.0,7.3,7.5,8.33,2.22,1,0,0,0,0,0,0.0,0.0,0,86.5,0.17,1.8,2018
82,Jawill Davis,NYG,5,WR,8,4,0,40,0,0,0,0,50.0,17.25,5.0,10.0,1.0,0,0,0,0,0,0,0.0,0.0,0,2.5,0.1,1.5,2018
83,Isaiah Ford,MIA,1,WR,1,0,0,0,0,0,0,0,0.0,5.0,0.0,0.0,0.0,0,0,0,0,0,0,0.0,0.0,0,10.0,0.0,0.0,2018
84,Trent Taylor,SF,14,WR,38,26,0,215,0,1,0,2,68.4,6.55,5.66,8.27,3.96,0,0,0,0,0,0,0.0,0.0,0,9.9,0.13,1.56,2018
85,Dede Westbrook,JAX,16,WR,96,66,1,717,1,5,1,6,68.8,9.13,7.47,10.86,5.5,9,1,98,0,0,0,10.89,2.22,3,43.8,0.18,1.93,2018
86,Cooper Kupp,LA,8,WR,49,40,3,566,1,6,3,2,81.6,8.76,11.55,14.15,7.6,4,0,25,0,0,0,6.25,2.5,0,48.9,0.26,2.62,2018
87,Tommylee Lewis,NO,6,WR,3,3,0,60,0,1,0,0,100.0,20.67,20.0,20.0,0.0,2,0,10,0,0,0,5.0,4.0,1,49.7,0.21,2.9,2018
88,Alex Erickson,CIN,15,WR,28,20,0,167,0,0,0,1,71.4,9.71,5.96,8.35,3.3,3,0,22,0,0,0,7.33,2.67,0,3.7,0.08,1.26,2018
89,Tyreek Hill,KC,16,WR,129,87,8,1479,6,12,4,5,67.4,15.51,11.47,17.0,6.02,22,0,151,0,1,0,6.86,1.05,2,0.0,0.31,2.61,2018
90,Darius Jennings,TEN,16,WR,15,11,0,101,0,0,0,1,73.3,10.73,6.73,9.18,3.55,1,0,2,0,0,0,2.0,3.0,0,2.1,0.09,1.32,2018
91,Cameron Meredith,NO,6,WR,10,9,1,114,0,1,0,0,90.0,10.1,11.4,12.67,4.11,0,0,0,0,0,0,0.0,0.0,0,0.6,0.17,2.43,2018
92,DeAndre Carter,HST,11,WR,24,22,1,216,0,0,0,0,91.7,2.71,9.0,9.82,7.36,1,0,7,0,0,0,7.0,6.0,1,0.0,0.12,1.45,2018
93,Seth Roberts,OAK,15,WR,60,45,1,494,0,2,0,3,75.0,8.82,8.23,10.98,5.02,3,0,5,0,0,0,1.67,0.67,0,45.9,0.15,1.76,2018
94,Jarvis Landry,CLV,16,WR,137,81,2,976,4,4,2,6,59.1,11.29,7.12,12.05,3.49,3,1,60,0,1,0,20.0,9.0,1,49.8,0.18,2.07,2018
95,Sammy Watkins,KC,10,WR,53,40,2,519,2,3,0,2,75.5,8.91,9.79,12.97,5.88,5,0,52,0,0,0,10.4,9.0,5,119.7,0.21,2.11,2018
96,Keenan Allen,LAC,16,WR,125,97,1,1196,3,6,0,3,77.6,9.45,9.57,12.33,4.14,9,0,75,0,0,0,8.33,2.56,2,159.3,0.27,2.0,2018
97,Cole Beasley,DAL,16,WR,85,65,0,672,1,3,0,2,76.5,7.53,7.91,10.34,3.32,0,0,0,0,0,0,0.0,0.0,0,84.9,0.17,1.81,2018
98,Doug Baldwin,SEA,13,WR,73,50,2,618,1,5,0,1,68.5,12.41,8.47,12.36,3.26,0,0,0,0,0,0,0.0,0.0,0,68.0,0.16,2.34,2018
99,Dwayne Harris,OAK,12,WR,6,6,0,40,0,0,0,0,100.0,-1.0,6.67,6.67,7.67,2,0,12,0,0,0,6.0,3.5,1,29.0,0.15,1.02,2018
100,Jeremy Kerley,BUF,1,WR,4,2,0,7,0,0,0,0,50.0,4.5,1.75,3.5,6.5,0,0,0,0,0,0,0.0,0.0,0,79.6,0.04,0.85,2018
101,Randall Cobb,GB,9,WR,57,38,1,383,1,2,1,4,66.7,8.02,6.72,10.08,6.32,0,0,0,0,0,0,0.0,0.0,0,1.6,0.15,1.82,2018
102,Blaine Clausell,ARZ,1,OL,0,0,0,0,0,0,0,0,0.0,0.0,0.0,0.0,0.0,0,0,0,0,0,0,0.0,0.0,0,209.5,0.0,0.0,2018
103,Brandon Powell,DET,5,WR,17,11,1,129,1,0,0,0,64.7,3.0,7.59,11.73,10.64,1,0,4,0,0,0,4.0,2.0,0,10.7,0.19,1.57,2018
104,Riley McCarron,NE,1,WR,1,0,0,0,0,0,0,0,0.0,27.0,0.0,0.0,0.0,0,0,0,0,0,0,0.0,0.0,0,4.2,0.0,0.0,2018
105,Equanimeous St. Brown,GB,11,WR,34,21,1,328,0,0,0,0,61.8,14.38,9.65,15.62,5.52,1,0,5,0,0,0,5.0,5.0,1,104.8,0.12,1.99,2018
106,Ray-Ray McCloud III,BUF,10,WR,6,5,0,36,0,0,0,1,83.3,2.0,6.0,7.2,5.4,2,0,4,0,0,0,2.0,2.5,0,0.0,0.05,0.93,2018
107,Keke Coutee,HST,6,WR,38,28,1,287,1,1,0,3,73.7,4.66,7.55,10.25,7.54,3,0,0,0,0,0,0.0,1.67,0,6.7,0.18,1.57,2018
108,Cam Phillips,BUF,2,WR,1,1,0,9,0,0,0,0,100.0,3.0,9.0,9.0,6.0,0,0,0,0,0,0,0.0,0.0,0,7.1,0.05,1.4,2018
109,Janarion Grant,BLT,1,WR,0,0,0,0,0,0,0,0,0.0,0.0,0.0,0.0,0.0,0,0,0,0,0,0,0.0,0.0,0,103.5,0.0,0.0,2018
110,Deontay Burnett,NYJ,5,WR,15,10,0,143,0,0,0,1,66.7,11.47,9.53,14.3,2.4,0,0,0,0,0,0,0.0,0.0,0,18.8,0.15,1.93,2018
111,Chad Beebe,MIN,3,WR,4,4,0,39,0,0,0,0,100.0,6.5,9.75,9.75,3.25,0,0,0,0,0,0,0.0,0.0,0,0.0,0.13,1.48,2018
112,Austin Carr,NO,14,WR,13,9,0,97,0,2,0,0,69.2,10.38,7.46,10.78,2.67,0,0,0,0,0,0,0.0,0.0,0,0.0,0.1,2.91,2018
113,Tim White,BLT,1,WR,1,1,0,14,0,0,0,0,100.0,14.0,14.0,14.0,0.0,0,0,0,0,0,0,0.0,0.0,0,14.5,0.95,1.9,2018
114,Isaiah McKenzie,BUF,8,WR,29,18,0,179,0,0,0,1,62.1,8.14,6.17,9.94,4.06,10,0,66,0,2,0,6.6,1.4,1,31.1,0.2,1.63,2018
115,Jamal Agnew,DET,1,WR,0,0,0,0,0,0,0,0,0.0,0.0,0.0,0.0,0.0,1,0,17,0,0,0,17.0,3.0,0,0.0,0.85,1.7,2018
116,Ryan Switzer,PIT,16,WR,44,36,0,253,0,1,0,2,81.8,3.39,5.75,7.03,3.78,6,0,21,0,0,0,3.5,2.5,0,63.5,0.17,1.22,2018
117,Jourdan Lewis,DAL,6,WR,1,0,0,0,0,0,0,0,0.0,-5.0,0.0,0.0,0.0,2,0,12,0,0,0,6.0,1.0,1,109.0,0.15,0.6,2018
118,Chester Rogers,IND,16,WR,71,53,0,485,0,2,0,7,74.6,6.83,6.83,9.15,4.91,1,0,-4,0,0,0,-4.0,0.0,0,76.3,0.15,1.6,2018
119,Cody Core,CIN,14,WR,28,13,0,160,0,1,0,3,46.4,13.93,5.71,12.31,2.46,0,0,0,0,0,0,0.0,0.0,0,38.5,0.09,2.19,2018
120,Keenan Reynolds,SEA,2,WR,0,0,0,0,0,0,0,0,0.0,0.0,0.0,0.0,0.0,0,0,0,0,0,0,0.0,0.0,0,0.0,0.0,0.0,2018
121,Tajae Sharpe,TEN,16,WR,46,26,0,316,1,2,0,2,56.5,11.93,6.87,12.15,3.08,1,0,16,0,0,0,16.0,2.0,0,1.6,0.1,2.16,2018
122,Tyler Boyd,CIN,14,WR,103,76,1,1028,3,7,0,3,73.8,9.56,9.98,13.53,5.55,2,0,3,0,0,0,1.5,1.5,0,112.8,0.24,2.35,2018
123,Adam Humphries,TB,16,WR,103,76,1,816,0,5,0,3,73.8,6.03,7.92,10.74,5.7,2,0,11,0,0,0,5.5,1.5,0,80.8,0.19,1.93,2018
124,Damiere Byrd,CAR,7,WR,2,1,0,8,0,0,0,0,50.0,11.5,4.0,8.0,1.0,0,0,0,0,0,0,0.0,0.0,0,1.4,0.03,1.3,2018
125,Eli Rogers,PIT,3,WR,13,12,0,79,0,0,0,0,92.3,4.54,6.08,6.58,3.33,1,0,-4,0,0,0,-4.0,4.0,0,6.7,0.12,1.04,2018
126,Jamison Crowder,WAS,9,WR,44,29,1,388,0,2,1,3,65.9,9.91,8.82,13.38,7.31,4,0,30,0,0,0,7.5,1.25,1,231.1,0.16,2.07,2018
127,Sammie Coates,HST,5,WR,1,1,0,12,0,0,0,0,100.0,7.0,12.0,12.0,5.0,0,0,0,0,0,0,0.0,0.0,0,94.2,0.05,1.7,2018
128,Willie Snead IV,BLT,16,WR,91,62,0,651,0,1,0,5,68.1,8.95,7.15,10.5,4.52,1,0,13,0,0,0,13.0,1.0,0,8.1,0.13,1.64,2018
129,Bennie Fowler,NYG,10,WR,25,16,0,199,0,1,0,1,64.0,10.32,7.96,12.44,4.81,0,0,0,0,0,0,0.0,0.0,0,58.4,0.09,2.12,2018
130,Bruce Ellington,DET,7,WR,42,31,0,224,0,1,0,3,73.8,4.93,5.33,7.23,3.55,1,0,2,0,0,0,2.0,1.0,0,27.0,0.16,1.38,2018
131,Adam Thielen,MIN,16,WR,149,113,3,1373,9,9,1,5,75.8,10.04,9.21,12.15,3.71,5,0,30,0,0,0,6.0,4.2,1,39.7,0.25,2.13,2018
132,Russell Shepard,NYG,12,WR,18,10,2,188,0,2,1,1,55.6,17.56,10.44,18.8,1.5,0,0,0,0,0,0,0.0,0.0,0,0.0,0.19,3.58,2018
133,Robert Woods,LA,16,WR,127,86,0,1219,3,6,0,2,67.7,11.81,9.6,14.17,4.98,19,1,157,0,1,0,8.26,3.58,3,69.4,0.21,2.12,2018
134,Cordarrelle Patterson,NE,15,WR,27,21,1,247,0,3,1,1,77.8,6.52,9.15,11.76,7.9,42,0,228,0,1,0,5.43,4.07,9,43.0,0.36,1.3,2018
135,Tavon Austin,DAL,7,WR,12,8,2,140,0,2,1,0,66.7,16.5,11.67,17.5,4.75,6,0,55,0,0,0,9.17,4.0,1,158.8,0.3,2.54,2018
136,Jermaine Kearse,NYJ,14,WR,72,37,0,371,0,1,0,2,51.4,9.46,5.15,10.03,3.32,0,0,0,0,0,0,0.0,0.0,0,194.2,0.1,1.66,2018
137,Jarius Wright,CAR,16,WR,57,43,0,447,0,1,0,3,75.4,5.75,7.84,10.4,4.77,2,0,39,0,0,0,19.5,1.0,0,67.1,0.14,1.69,2018
138,Mohamed Sanu,ATL,16,WR,91,66,2,838,1,4,2,1,72.5,8.18,9.21,12.7,6.0,7,0,44,0,0,0,6.29,1.71,0,0.0,0.17,1.99,2018
139,Terrelle Pryor Sr.,BUF,8,WR,27,16,1,252,0,2,0,2,59.3,13.07,9.33,15.75,3.69,1,0,-1,0,0,0,-1.0,1.0,0,147.3,0.16,2.65,2018
140,Andre Holmes,DEN,14,WR,23,13,0,162,0,0,0,3,56.5,13.13,7.04,12.46,3.85,0,0,0,0,0,0,0.0,0.0,0,42.9,0.07,1.75,2018
141,Joe Webb III,HST,2,WR,3,2,0,13,0,0,0,0,66.7,4.67,4.33,6.5,4.0,0,0,0,0,0,0,0.0,0.0,0,24.1,0.07,1.15,2018
142,Brandon LaFell,OAK,6,WR,16,12,0,135,0,2,0,0,75.0,8.75,8.44,11.25,4.5,0,0,0,0,0,0,0.0,0.0,0,129.4,0.14,2.63,2018
143,Golden Tate,PHI,15,WR,105,74,2,795,2,4,1,7,70.5,6.75,7.57,10.74,5.8,4,0,34,0,0,0,8.5,2.5,0,129.7,0.24,1.84,2018
144,Julian Edelman,NE,12,WR,105,74,0,850,2,6,0,8,70.5,8.03,8.1,11.49,4.72,9,0,107,0,0,0,11.89,2.67,0,200.4,0.23,2.03,2018
145,Danny Amendola,MIA,15,WR,75,59,0,575,0,1,0,2,78.7,7.31,7.67,9.75,3.88,1,0,-2,0,0,0,-2.0,1.0,0,141.9,0.14,1.55,2018
146,Larry Fitzgerald,ARZ,16,WR,107,69,0,734,1,6,0,3,64.5,9.87,6.86,10.64,3.07,0,0,0,0,0,0,0.0,0.0,0,4.4,0.17,2.09,2018
147,Jalen Tolliver,ARZ,3,WR,6,3,0,37,0,0,0,0,50.0,14.33,6.17,12.33,5.0,0,0,0,0,0,0,0.0,0.0,0,0.0,0.07,1.73,2018
148,J.J. Jones,NYJ,2,WR,1,1,0,3,0,0,0,0,100.0,2.0,3.0,3.0,1.0,1,0,0,0,0,0,0.0,2.0,0,2.7,0.16,0.4,2018
149,Justin Watson,TB,12,WR,2,1,0,5,0,0,0,0,50.0,5.0,2.5,5.0,0.0,0,0,0,0,0,0,0.0,0.0,0,5.3,0.01,1.0,2018
150,J'Mon Moore,GB,6,WR,3,2,0,15,0,0,0,0,66.7,5.67,5.0,7.5,3.5,0,0,0,0,0,0,0.0,0.0,0,8.5,0.03,1.25,2018
151,Steven Dunbar Jr.,SF,1,WR,0,0,0,0,0,0,0,0,0.0,0.0,0.0,0.0,0.0,0,0,0,0,0,0,0.0,0.0,0,42.2,0.0,0.0,2018
152,Tre'Quan Smith,NO,15,WR,43,28,1,427,2,5,1,2,65.1,12.79,9.93,15.25,3.93,0,0,0,0,0,0,0.0,0.0,0,12.7,0.15,3.1,2018
153,Damion Ratley,CLV,11,WR,20,13,0,144,0,0,0,2,65.0,10.9,7.2,11.08,4.0,0,0,0,0,0,0,0.0,0.0,0,123.4,0.12,1.61,2018
154,Daurice Fountain,IND,1,WR,0,0,0,0,0,0,0,0,0.0,0.0,0.0,0.0,0.0,0,0,0,0,0,0,0.0,0.0,0,33.4,0.0,0.0,2018
155,Anthony Miller,CHI,15,WR,54,33,2,423,1,7,1,4,61.1,11.61,7.83,12.82,5.24,6,0,26,0,0,0,4.33,1.33,1,83.5,0.18,2.65,2018
156,Saeed Blacknall,OAK,1,WR,0,0,0,0,0,0,0,0,0.0,0.0,0.0,0.0,0.0,0,0,0,0,0,0,0.0,0.0,0,32.0,0.0,0.0,2018
157,Keith Kirkwood,NO,8,WR,21,13,1,209,0,2,0,1,61.9,14.14,9.95,16.08,3.69,0,0,0,0,0,0,0.0,0.0,0,85.3,0.18,3.03,2018
158,Marquez Valdes-Scantling,GB,16,WR,67,38,4,581,2,2,1,4,56.7,13.81,8.67,15.29,5.71,2,0,29,0,0,0,14.5,11.0,0,28.4,0.13,2.3,2018
159,D.J. Chark Jr.,JAX,11,WR,31,14,0,174,0,0,0,5,45.2,10.84,5.61,12.43,2.71,0,0,0,0,0,0,0.0,0.0,0,3.3,0.08,1.74,2018
160,Cameron Batson,TEN,10,WR,11,8,0,82,0,0,0,0,72.7,6.73,7.45,10.25,6.88,1,0,1,0,0,0,1.0,6.0,2,38.0,0.07,1.37,2018
161,Steven Mitchell Jr.,HST,0,WR,0,0,0,0,0,0,0,0,0.0,0.0,0.0,0.0,0.0,0,0,0,0,0,0,0.0,0.0,0,51.5,0.0,0.0,2018
162,River Cracraft,DEN,8,WR,2,1,1,44,0,0,0,0,50.0,36.0,22.0,44.0,1.0,0,0,0,0,0,0,0.0,0.0,0,3.7,0.18,4.9,2018
163,Javon Wims,CHI,4,WR,5,4,0,32,0,0,0,0,80.0,7.0,6.4,8.0,0.5,0,0,0,0,0,0,0.0,0.0,0,14.6,0.17,1.3,2018
164,Lance Lenoir Jr.,DAL,5,WR,0,0,0,0,0,0,0,0,0.0,0.0,0.0,0.0,0.0,0,0,0,0,0,0,0.0,0.0,0,71.1,0.0,0.0,2018
165,Darvin Kidsy,WAS,2,WR,2,1,0,8,0,0,0,0,50.0,9.5,4.0,8.0,2.0,0,0,0,0,0,0,0.0,0.0,0,132.2,0.1,1.3,2018
166,Zach Pascal,IND,16,WR,44,27,0,268,0,2,0,1,61.4,10.14,6.09,9.93,2.93,2,0,10,0,0,0,5.0,1.0,0,0.0,0.1,1.84,2018
167,Kendrick Bourne,SF,16,WR,60,42,0,487,0,4,0,5,70.0,9.23,8.12,11.6,3.62,0,0,0,0,0,0,0.0,0.0,0,19.0,0.15,2.23,2018
168,Gehrig Dieter,KC,4,WR,3,1,0,22,0,0,0,1,33.3,18.33,7.33,22.0,14.0,0,0,0,0,0,0,0.0,0.0,0,0.0,0.08,2.7,2018
169,Marcus Kemp,KC,9,WR,1,1,0,7,0,0,0,0,100.0,-1.0,7.0,7.0,8.0,0,0,0,0,0,0,0.0,0.0,0,33.6,0.03,1.2,2018
170,Tim Patrick,DEN,16,WR,40,23,0,315,0,1,0,4,57.5,10.8,7.88,13.7,4.91,3,0,17,0,0,0,5.67,1.67,2,0.0,0.13,1.95,2018
171,Stacy Coley,NYG,2,WR,1,0,0,0,0,0,0,1,0.0,8.0,0.0,0.0,0.0,0,0,0,0,0,0,0.0,0.0,0,131.6,0.0,0.0,2018
172,Shelton Gibson,PHI,10,WR,3,1,1,48,0,0,0,0,33.3,30.67,16.0,48.0,2.0,0,0,0,0,0,0,0.0,0.0,0,7.5,0.08,5.3,2018
173,Jehu Chesson,WAS,4,WR,2,1,0,7,0,0,0,0,50.0,10.5,3.5,7.0,1.0,1,0,-4,0,0,0,-4.0,1.0,0,13.6,0.1,0.4,2018
174,Josh Reynolds,LA,16,WR,49,29,0,402,0,5,0,0,59.2,13.92,8.2,13.86,4.55,2,0,8,0,0,0,4.0,1.5,0,25.4,0.14,2.76,2018
175,Eddie Jackson,CHI,2,WR,0,0,0,0,0,0,0,0,0.0,0.0,0.0,0.0,0.0,0,0,0,0,0,0,0.0,0.0,0,0.0,0.0,0.0,2018
176,Kenny Golladay,DET,15,WR,115,70,3,1063,3,5,0,3,60.9,12.52,9.24,15.19,5.0,1,0,8,0,0,0,8.0,2.0,0,9.6,0.19,2.42,2018
177,Chris Godwin,TB,16,WR,90,59,1,842,3,7,0,1,65.6,12.77,9.36,14.27,4.19,0,0,0,0,0,0,0.0,0.0,0,1.1,0.22,2.64,2018
178,JuJu Smith-Schuster,PIT,16,WR,161,111,4,1426,8,7,2,6,68.9,9.34,8.86,12.85,5.95,1,0,13,0,0,0,13.0,1.0,0,3.1,0.25,2.16,2018
179,Curtis Samuel,CAR,13,WR,62,39,1,494,0,5,1,3,62.9,12.21,7.97,12.67,2.97,8,0,84,0,2,0,10.5,3.0,2,0.0,0.26,2.54,2018
180,John Ross,CIN,13,WR,55,21,0,210,0,7,0,7,38.2,15.13,3.82,10.0,2.81,4,0,9,0,0,0,2.25,1.75,0,29.8,0.12,2.98,2018
181,Mike Williams,LAC,16,WR,64,43,2,664,0,10,2,2,67.2,15.59,10.38,15.44,2.72,7,0,28,0,1,0,4.0,1.86,3,0.8,0.25,3.13,2018
182,Corey Davis,TEN,16,WR,108,65,2,891,2,4,1,4,60.2,10.76,8.25,13.71,4.22,6,0,55,0,0,0,9.17,3.0,1,5.0,0.17,2.13,2018
183,Marvin Hall,ATL,16,WR,19,10,1,149,0,1,1,1,52.6,11.16,7.84,14.9,5.7,2,0,0,0,0,0,0.0,0.5,0,2.3,0.14,2.16,2018
184,Robby Anderson,NYJ,14,WR,87,50,2,752,2,6,2,3,57.5,17.3,8.64,15.04,3.62,2,0,-8,0,0,0,-4.0,1.0,0,8.6,0.2,2.6,2018
185,Andy Jones,DET,8,WR,22,11,0,80,0,1,0,2,50.0,10.86,3.64,7.27,2.64,0,0,0,0,0,0,0.0,0.0,0,37.0,0.08,1.77,2018
186,Marcus Johnson,IND,5,WR,8,6,0,102,0,1,0,1,75.0,13.88,12.75,17.0,4.5,1,0,-2,0,0,0,-2.0,2.0,1,53.1,0.2,2.71,2018
187,Charone Peake,NYJ,11,WR,3,2,0,25,0,0,0,1,66.7,10.0,8.33,12.5,1.5,0,0,0,0,0,0,0.0,0.0,0,1.2,0.04,1.75,2018
188,Demarcus Robinson,KC,16,WR,30,22,1,288,0,4,1,2,73.3,11.7,9.6,13.09,5.14,0,0,0,0,0,0,0.0,0.0,0,0.0,0.15,2.9,2018
189,Pharoh Cooper,ARZ,2,WR,1,0,0,0,0,0,0,0,0.0,6.0,0.0,0.0,0.0,0,0,0,0,0,0,0.0,0.0,0,17.5,0.0,0.0,2018
190,Chris Moore,BLT,16,WR,25,19,0,196,0,1,0,0,76.0,10.96,7.84,10.32,3.74,5,0,17,0,0,0,3.4,2.2,1,0.0,0.08,1.53,2018
191,Leonte Carroo,MIA,4,WR,4,2,1,94,0,1,1,0,50.0,26.25,23.5,47.0,20.0,1,0,14,0,0,0,14.0,9.0,0,0.0,0.42,5.93,2018
192,Sterling Shepard,NYG,16,WR,102,66,3,872,2,4,0,8,64.7,10.74,8.55,13.21,4.79,3,0,33,0,0,0,11.0,3.67,1,144.7,0.16,2.14,2018
193,Laquon Treadwell,MIN,15,WR,47,35,0,302,0,1,0,5,74.5,6.02,6.43,8.63,3.37,0,0,0,0,0,0,0.0,0.0,0,35.4,0.1,1.53,2018
194,Tyrell Williams,LAC,16,WR,63,41,4,653,2,5,2,3,65.1,13.27,10.37,15.93,4.93,2,0,15,0,0,0,7.5,3.5,0,93.6,0.15,2.73,2018
195,Jake Kumerow,GB,5,WR,10,8,1,103,0,1,1,0,80.0,10.2,10.3,12.88,3.13,0,0,0,0,0,0,0.0,0.0,0,0.0,0.15,2.54,2018
196,Geremy Davis,LAC,10,WR,0,0,0,0,0,0,0,0,0.0,0.0,0.0,0.0,0.0,0,0,0,0,0,0,0.0,0.0,0,28.6,0.0,0.0,2018
197,J.J. Nelson,ARZ,14,WR,19,7,0,64,0,0,0,1,36.8,19.53,3.37,9.14,3.29,4,0,0,0,0,0,0.0,1.75,0,77.7,0.05,0.9,2018
198,Justin Hardy,ATL,16,WR,20,14,0,133,0,2,0,1,70.0,6.25,6.65,9.5,5.29,0,0,0,0,0,0,0.0,0.0,0,48.2,0.15,2.31,2018
200,Chris Conley,KC,16,WR,47,32,0,334,0,5,0,5,68.1,9.04,7.11,10.44,4.13,0,0,0,0,0,0,0.0,0.0,0,13.5,0.1,2.48,2018
201,Tyler Lockett,SEA,16,WR,65,57,6,965,1,10,3,0,87.7,14.48,14.85,16.93,3.86,13,0,69,0,0,0,5.31,3.23,2,3.6,0.21,2.74,2018
202,Breshad Perriman,CLV,10,WR,25,16,2,340,0,2,0,0,64.0,18.8,13.6,21.25,4.75,4,0,2,0,0,0,0.5,0.5,0,111.3,0.25,2.71,2018
203,Nelson Agholor,PHI,16,WR,90,64,5,736,1,4,1,4,71.1,10.2,8.18,11.5,5.42,3,0,32,0,0,0,10.67,6.0,0,28.9,0.14,1.98,2018
204,DeVante Parker,MIA,11,WR,43,24,1,309,1,1,0,1,55.8,13.47,7.19,12.88,4.04,0,0,0,0,0,0,0.0,0.0,0,33.9,0.12,2.04,2018
205,Amari Cooper,DAL,15,WR,102,75,3,1005,4,7,3,5,73.5,10.31,9.85,13.4,5.53,2,0,20,0,0,0,10.0,9.5,1,21.7,0.22,2.36,2018
206,Freddie Martino,TB,3,WR,1,0,0,0,0,0,0,0,0.0,8.0,0.0,0.0,0.0,0,0,0,0,0,0,0.0,0.0,0,7.1,0.0,0.0,2018
207,Taylor Gabriel,CHI,16,WR,91,67,3,688,2,2,0,2,73.6,10.99,7.56,10.27,3.39,9,0,61,0,0,0,6.78,2.33,0,5.3,0.15,1.58,2018
208,Albert Wilson,MIA,7,WR,36,26,3,391,1,4,3,1,72.2,7.83,10.86,15.04,13.27,8,0,16,0,0,0,2.0,2.25,2,11.6,0.33,2.29,2018
209,T.J. Jones,DET,15,WR,25,19,0,190,0,2,0,0,76.0,10.44,7.6,10.0,2.32,0,0,0,0,0,0,0.0,0.0,0,131.0,0.09,2.13,2018
210,Ryan Grant,IND,14,WR,52,35,0,334,0,1,0,3,67.3,9.46,6.42,9.54,2.54,0,0,0,0,0,0,0.0,0.0,0,19.8,0.1,1.63,2018
211,John Brown,BLT,16,WR,91,42,4,715,2,5,0,7,46.2,17.01,7.86,17.02,4.02,3,0,4,0,0,0,1.33,1.67,0,210.2,0.16,2.73,2018
212,Donte Moncrief,JAX,16,WR,85,48,2,668,1,3,2,4,56.5,13.51,7.86,13.92,4.85,0,0,0,0,0,0,0.0,0.0,0,207.0,0.13,2.27,2018
213,Allen Robinson II,CHI,13,WR,94,55,1,754,1,4,0,2,58.5,12.53,8.02,13.71,4.0,1,0,9,0,0,0,9.0,4.0,0,75.8,0.17,2.28,2018
214,Paul Richardson Jr.,WAS,7,WR,33,20,1,262,0,2,1,0,60.6,13.06,7.94,13.1,2.6,2,0,9,0,0,0,4.5,2.0,0,69.6,0.13,2.23,2018
215,Odell Beckham Jr.,NYG,12,WR,119,77,3,1052,5,6,0,3,64.7,12.55,8.84,13.66,4.13,5,0,19,0,0,0,3.8,2.0,0,32.8,0.25,2.21,2018
216,Brice Butler,MIA,8,WR,10,6,0,60,0,1,0,0,60.0,13.5,6.0,10.0,0.33,0,0,0,0,0,0,0.0,0.0,0,0.1,0.13,2.5,2018
217,Kenny Stills,MIA,15,WR,60,37,2,553,2,6,1,3,61.7,16.85,9.22,14.95,3.65,0,0,0,0,0,0,0.0,0.0,0,11.3,0.15,2.97,2018
218,Markus Wheaton,PHI,1,WR,0,0,0,0,0,0,0,0,0.0,0.0,0.0,0.0,0.0,0,0,0,0,0,0,0.0,0.0,0,3.4,0.0,0.0,2018
219,Marquise Goodwin,SF,11,WR,41,23,2,395,1,4,2,1,56.1,14.34,9.63,17.17,5.65,4,0,9,0,0,0,2.25,1.0,0,0.0,0.17,2.81,2018
220,Justin Hunter,PIT,5,WR,13,3,0,21,0,0,0,1,23.1,20.23,1.62,7.0,1.0,0,0,0,0,0,0,0.0,0.0,0,178.7,0.03,1.2,2018
221,Deonte Thompson,BUF,13,WR,30,17,0,161,0,0,0,2,56.7,12.4,5.37,9.47,2.12,0,0,0,0,0,0,0.0,0.0,0,205.9,0.1,1.45,2018
222,Josh Bellamy,CHI,16,WR,25,14,0,117,0,1,0,1,56.0,12.16,4.68,8.36,3.07,0,0,0,0,0,0,0.0,0.0,0,54.0,0.08,1.76,2018
223,Marvin Jones Jr.,DET,9,WR,59,35,0,508,1,5,0,2,59.3,15.78,8.61,14.51,2.94,0,0,0,0,0,0,0.0,0.0,0,50.5,0.18,2.81,2018
224,Travis Benjamin,LAC,12,WR,23,12,1,186,0,1,1,2,52.2,20.7,8.09,15.5,5.17,7,0,41,0,0,0,5.86,2.0,2,5.3,0.12,1.83,2018
225,Michael Floyd,WAS,13,WR,23,10,0,100,0,1,0,2,43.5,14.43,4.35,10.0,2.8,0,0,0,0,0,0,0.0,0.0,0,3.4,0.06,2.1,2018
226,Kamar Aiken,PHI,5,WR,7,6,0,53,0,0,0,0,85.7,6.29,7.57,8.83,2.5,0,0,0,0,0,0,0.0,0.0,0,99.4,0.06,1.38,2018
227,Aldrick Robinson,MIN,14,WR,32,17,1,231,0,5,1,2,53.1,19.34,7.22,13.59,2.35,0,0,0,0,0,0,0.0,0.0,0,4.0,0.24,3.62,2018
228,Torrey Smith,CAR,11,WR,28,17,0,190,0,2,0,2,60.7,14.93,6.79,11.18,2.71,0,0,0,0,0,0,0.0,0.0,0,42.0,0.12,2.32,2018
229,Prince Amukamara,CHI,0,WR,0,0,0,0,0,0,0,0,0.0,0.0,0.0,0.0,0.0,0,0,0,0,0,0,0.0,0.0,0,100.1,0.0,0.0,2018
230,A.J. Green,CIN,9,WR,77,46,0,694,2,6,0,5,59.7,13.62,9.01,15.09,3.3,0,0,0,0,0,0,0.0,0.0,0,32.1,0.28,2.79,2018
231,Andre Roberts,NYJ,13,WR,18,10,0,79,0,1,0,2,55.6,9.11,4.39,7.9,1.7,2,0,20,0,0,0,10.0,2.0,0,187.9,0.11,1.74,2018
232,Emmanuel Sanders,DEN,12,WR,97,71,4,868,3,4,2,4,73.2,9.74,8.95,12.23,4.25,4,0,53,0,1,0,13.25,1.75,0,24.1,0.24,2.1,2018
233,Demaryius Thomas,HST,15,WR,87,59,2,677,1,5,1,7,67.8,10.74,7.78,11.47,4.73,0,0,0,0,0,0,0.0,0.0,0,40.9,0.17,2.16,2018
234,Pierre Garcon,SF,8,WR,41,24,0,286,0,1,0,4,58.5,9.51,6.98,11.92,4.13,0,0,0,0,0,0,0.0,0.0,0,62.2,0.12,1.94,2018
235,Matthew Slater,NE,7,WR,0,0,0,0,0,0,0,0,0.0,0.0,0.0,0.0,0.0,0,0,0,0,0,0,0.0,0.0,0,162.9,0.0,0.0,2018
236,DeSean Jackson,TB,12,WR,72,41,5,774,3,4,3,2,56.9,19.58,10.75,18.88,4.32,6,0,29,0,1,0,4.83,1.17,0,6.0,0.29,2.78,2018
237,Jordy Nelson,OAK,15,WR,86,63,3,739,1,3,0,1,73.3,9.35,8.59,11.73,3.89,1,0,-2,0,0,0,-2.0,0.0,0,1.2,0.15,1.93,2018
238,Brandon Marshall,NO,7,WR,22,11,0,136,0,1,0,3,50.0,11.86,6.18,12.36,1.82,0,0,0,0,0,0,0.0,0.0,0,14.1,0.13,2.28,2018
239,Trenton Cannon,NYJ,13,RB,26,17,0,144,0,0,0,4,65.4,6.27,5.54,8.47,7.29,38,0,113,0,1,0,2.97,2.63,9,149.9,0.22,0.73,2018
240,Nyheim Hines,IND,16,RB,78,63,0,425,0,2,0,4,80.8,2.51,5.45,6.75,5.4,85,0,313,0,2,0,3.68,2.31,6,67.3,0.26,0.87,2018
241,Jaylen Samuels,PIT,11,RB,29,26,0,199,0,3,0,0,89.7,-0.17,6.86,7.65,8.5,56,0,256,1,0,0,4.57,2.63,3,4.2,0.34,0.93,2018
242,Gus Edwards,BLT,11,RB,2,2,0,20,0,0,0,0,100.0,1.5,10.0,10.0,8.5,137,1,718,3,2,0,5.24,3.22,23,32.4,0.3,0.62,2018
243,Mark Walton,CIN,9,RB,7,5,0,41,0,0,0,1,71.4,-1.71,5.86,8.2,9.4,14,0,34,0,0,0,2.43,1.86,0,70.9,0.11,0.53,2018
244,Shaun Wilson,TB,5,RB,5,3,0,5,0,0,0,0,60.0,4.2,1.0,1.67,1.67,6,0,29,0,0,0,4.83,1.67,0,0.0,0.21,0.54,2018
245,Ito Smith,ATL,13,RB,30,27,0,152,0,0,0,0,90.0,-0.5,5.07,5.63,6.04,90,0,315,0,4,0,3.5,2.73,20,27.6,0.27,0.72,2018
246,Chase Edmonds,ARZ,16,RB,23,20,0,103,0,0,0,1,87.0,-0.78,4.48,5.15,6.3,60,0,208,0,2,0,3.47,2.22,6,0.0,0.27,0.66,2018
247,Saquon Barkley,NYG,16,RB,114,91,2,721,0,4,1,5,79.8,0.02,6.32,7.92,8.65,261,7,1307,7,11,4,5.01,3.34,40,6.5,0.4,0.96,2018
248,Nick Chubb,CLV,16,RB,28,20,0,149,0,2,0,3,71.4,1.64,5.32,7.45,9.05,192,4,996,4,8,3,5.19,4.47,44,3.4,0.47,0.87,2018
249,Royce Freeman,DEN,14,RB,19,14,0,72,0,0,0,3,73.7,0.89,3.79,5.14,4.21,130,0,521,0,5,0,4.01,3.22,24,85.9,0.31,0.67,2018
250,Kalen Ballage,MIA,11,RB,11,9,0,56,0,0,0,1,81.8,-0.91,5.09,6.22,8.11,36,1,191,1,1,1,5.31,4.06,2,26.3,0.38,0.78,2018
251,David Williams,JAX,4,RB,0,0,0,0,0,0,0,0,0.0,0.0,0.0,0.0,0.0,8,0,36,0,0,0,4.5,1.88,0,83.5,0.18,0.45,2018
252,Detrez Newsome,LAC,3,RB,2,2,0,19,0,0,0,0,100.0,-0.5,9.5,9.5,10.0,11,0,49,0,0,0,4.45,3.55,1,91.1,0.27,0.6,2018
253,Dontrell Hilliard,CLV,9,RB,10,9,0,105,0,0,0,0,90.0,1.2,10.5,11.67,10.67,0,0,0,0,0,0,0.0,0.0,0,36.5,0.26,1.67,2018
254,Taquan Mizzell Sr.,CHI,9,RB,10,8,0,78,0,1,0,0,80.0,4.6,7.8,9.75,5.0,9,0,16,0,0,0,1.78,2.22,0,58.4,0.28,1.14,2018
255,Josh Adams,PHI,13,RB,13,7,0,58,0,0,0,2,53.8,-0.92,4.46,8.29,9.86,120,0,511,0,3,0,4.26,2.84,20,183.6,0.31,0.62,2018
257,John Kelly,LA,3,RB,3,2,0,27,0,0,0,1,66.7,-2.33,9.0,13.5,14.0,27,0,74,0,0,0,2.74,2.48,6,30.8,0.22,0.38,2018
258,Kerryon Johnson,DET,10,RB,37,32,0,213,0,1,0,0,86.5,-0.49,5.76,6.66,8.44,118,1,641,2,3,0,5.43,3.32,21,27.9,0.36,0.84,2018
259,Ronald Jones,TB,8,RB,9,7,0,33,0,0,0,2,77.8,-1.56,3.67,4.71,6.0,23,0,44,0,1,0,1.91,2.04,2,1.1,0.19,0.57,2018
260,Mike Boone,MIN,6,RB,3,2,0,1,0,0,0,1,66.7,-0.33,0.33,0.5,2.5,11,0,47,0,0,0,4.27,3.55,4,6.5,0.16,0.45,2018
261,Justin Jackson,LAC,8,RB,17,15,0,135,0,0,0,0,88.2,-0.41,7.94,9.0,10.0,50,0,206,0,2,0,4.12,2.76,10,45.5,0.36,0.82,2018
262,Jeff Wilson Jr.,SF,6,RB,15,12,0,98,0,0,0,1,80.0,0.33,6.53,8.17,7.92,66,0,266,0,0,0,4.03,2.56,9,22.5,0.22,0.54,2018
263,Roc Thomas,MIN,5,RB,3,2,0,21,0,0,0,0,66.7,3.67,7.0,10.5,6.0,8,0,30,0,0,0,3.75,1.75,2,76.8,0.21,0.61,2018
264,Sony Michel,NE,13,RB,11,7,0,50,0,0,0,1,63.6,0.55,4.55,7.14,7.57,209,0,931,4,6,0,4.45,2.56,25,10.7,0.43,0.64,2018
265,Rashaad Penny,SEA,12,RB,12,9,0,75,0,0,0,2,75.0,0.25,6.25,8.33,8.33,85,0,419,1,2,0,4.93,3.4,12,65.4,0.36,0.7,2018
266,Jordan Wilkins,IND,13,RB,16,16,0,85,0,0,0,0,100.0,-1.69,5.31,5.31,7.0,60,1,336,0,1,0,5.6,3.0,5,44.2,0.28,0.74,2018
267,De'Lance Turner,BLT,2,RB,2,2,0,17,0,0,0,0,100.0,2.0,8.5,8.5,6.5,1,0,4,0,0,0,4.0,5.0,1,218.1,0.34,1.03,2018
268,Keith Ford,BUF,2,RB,4,3,0,21,0,0,0,1,75.0,-0.75,5.25,7.0,6.67,21,0,79,0,0,0,3.76,2.14,0,243.2,0.16,0.48,2018
269,Darrel Williams,KC,6,RB,3,3,0,27,0,1,0,0,100.0,-2.0,9.0,9.0,11.0,13,0,44,0,0,0,3.38,2.31,2,0.0,0.36,0.91,2018
270,Phillip Lindsay,DEN,15,RB,44,35,0,241,0,1,0,4,79.5,-1.14,5.48,6.89,8.66,192,3,1037,3,9,2,5.4,2.35,22,50.2,0.45,0.9,2018
271,Matt Breida,SF,14,RB,31,27,0,261,0,2,0,0,87.1,2.55,8.42,9.67,8.56,153,1,814,3,3,1,5.32,2.85,14,0.7,0.41,0.84,2018
272,Corey Clement,PHI,11,RB,25,22,0,192,0,0,0,0,88.0,-1.36,7.68,8.73,12.27,68,0,259,0,2,0,3.81,2.4,2,0.8,0.29,0.76,2018
273,Justin Davis,LA,2,RB,0,0,0,0,0,0,0,0,0.0,0.0,0.0,0.0,0.0,2,0,19,0,0,0,9.5,1.5,0,120.7,0.38,0.95,2018
274,Austin Ekeler,LAC,14,RB,47,39,1,404,0,3,1,2,83.0,0.7,8.6,10.36,10.62,106,1,554,0,3,0,5.23,3.63,15,44.8,0.43,1.04,2018
275,Matt Dayes,SF,3,RB,0,0,0,0,0,0,0,0,0.0,0.0,0.0,0.0,0.0,0,0,0,0,0,0,0.0,0.0,0,44.7,0.0,0.0,2018
276,Chris Carson,SEA,14,RB,22,20,0,163,0,0,0,1,90.9,-0.18,7.41,8.15,8.45,247,1,1151,6,9,0,4.66,3.36,45,161.9,0.43,0.73,2018
277,De'Angelo Henderson Sr.,NYJ,1,RB,0,0,0,0,0,0,0,0,0.0,0.0,0.0,0.0,0.0,2,0,19,0,0,0,9.5,1.0,0,32.1,0.63,0.95,2018
278,Elijah McGuire,NYJ,8,RB,30,19,0,193,0,1,0,5,63.3,4.1,6.43,10.16,9.16,91,0,279,0,3,0,3.07,2.71,11,53.9,0.25,0.73,2018
279,Aaron Jones,GB,12,RB,32,26,0,206,0,1,0,2,81.3,-0.38,6.44,7.92,8.65,133,1,728,1,8,0,5.47,2.97,26,1.2,0.43,1.01,2018
280,T.J. Logan,ARZ,6,RB,7,7,0,37,0,0,0,0,100.0,-0.29,5.29,5.29,5.57,2,0,2,0,0,0,1.0,2.0,0,7.4,0.35,0.82,2018
281,Jeremy McNichols,TEN,1,RB,0,0,0,0,0,0,0,0,0.0,0.0,0.0,0.0,0.0,2,0,4,0,0,0,2.0,3.0,1,20.4,0.2,0.2,2018
282,Brian Hill,ATL,5,RB,2,1,0,9,0,0,0,0,50.0,3.5,4.5,9.0,5.0,20,1,157,1,0,0,7.85,2.65,3,193.0,0.26,0.81,2018
283,Marlon Mack,IND,12,RB,24,17,0,103,0,1,0,3,70.8,-0.79,4.29,6.06,6.88,195,1,908,4,9,0,4.66,2.84,18,135.4,0.38,0.8,2018
284,Wayne Gallman,NYG,15,RB,21,14,0,89,0,0,0,2,66.7,1.48,4.24,6.36,5.93,51,0,176,0,1,0,3.45,2.24,9,2.6,0.25,0.61,2018
285,Jamaal Williams,GB,16,RB,33,27,0,210,0,0,0,0,81.8,-0.7,6.36,7.78,8.52,121,0,464,0,3,0,3.83,2.63,10,86.9,0.19,0.67,2018
286,Tarik Cohen,CHI,16,RB,87,71,3,725,2,5,1,1,81.6,3.75,8.33,10.21,7.59,99,0,444,0,3,0,4.48,2.17,17,17.0,0.4,1.18,2018
287,Samaje Perine,WAS,4,RB,3,3,0,5,0,0,0,0,100.0,-1.0,1.67,1.67,2.67,8,0,32,0,0,0,4.0,2.88,2,1.2,0.17,0.47,2018
288,James Conner,PIT,13,RB,67,55,0,497,0,1,0,4,82.1,-0.42,7.42,9.04,10.09,215,0,973,5,12,0,4.53,2.87,37,0.9,0.35,0.94,2018
289,D'Onta Foreman,HST,1,RB,2,2,0,28,0,1,0,0,100.0,8.5,14.0,14.0,5.5,7,0,-1,0,0,0,-0.14,0.43,1,82.0,0.31,1.08,2018
290,Kareem Hunt,KC,11,RB,33,26,2,378,1,7,2,3,78.8,1.67,11.45,14.54,13.31,181,1,824,1,7,0,4.55,3.35,43,154.8,0.43,1.05,2018
291,Alvin Kamara,NO,15,RB,98,81,1,709,2,4,0,3,82.7,1.9,7.23,8.75,7.96,194,1,883,1,14,1,4.55,2.75,28,48.5,0.47,1.12,2018
292,Joe Mixon,CIN,14,RB,54,43,0,296,0,1,0,4,79.6,-0.2,5.48,6.88,7.91,236,3,1171,4,8,0,4.96,2.76,29,15.2,0.37,0.8,2018
293,Marcus Williams,NO,6,RB,0,0,0,0,0,0,0,0,0.0,0.0,0.0,0.0,0.0,0,0,0,0,0,0,0.0,0.0,0,26.7,0.0,0.0,2018
294,Dalvin Cook,MIN,11,RB,48,40,0,305,0,2,0,3,83.3,-2.08,6.35,7.63,9.57,133,1,615,1,2,0,4.62,3.02,29,45.4,0.28,0.79,2018
295,Christian McCaffrey,CAR,16,RB,122,108,0,874,2,6,0,0,88.5,0.87,7.16,8.09,7.97,219,3,1098,4,7,0,5.01,2.92,32,54.3,0.34,1.01,2018
296,Leonard Fournette,JAX,8,RB,25,22,0,185,0,1,0,1,88.0,-1.28,7.4,8.41,10.0,133,0,439,0,5,0,3.3,2.35,17,148.6,0.39,0.71,2018
297,Jalen Richard,OAK,16,RB,77,68,0,607,0,0,0,1,88.3,1.74,7.88,8.93,7.59,55,0,259,0,1,0,4.71,2.95,12,73.3,0.31,1.03,2018
298,Byron Marshall,WAS,6,RB,6,4,0,30,0,0,0,0,66.7,2.0,5.0,7.5,6.75,3,0,9,0,0,0,3.0,1.33,0,81.7,0.13,0.84,2018
299,Brandon Wilds,JAX,3,RB,0,0,0,0,0,0,0,0,0.0,0.0,0.0,0.0,0.0,6,0,15,0,0,0,2.5,1.17,0,50.5,0.17,0.25,2018
300,J.D. McKissic,SEA,5,RB,1,0,0,0,0,0,0,1,0.0,6.0,0.0,0.0,0.0,3,0,8,0,0,0,2.67,0.67,0,13.6,0.09,0.27,2018
301,Peyton Barber,TB,16,RB,27,20,0,92,0,1,0,2,74.1,1.48,3.41,4.6,3.4,234,0,871,1,5,0,3.72,2.68,43,0.6,0.23,0.56,2018
302,Dwayne Washington,NO,4,RB,0,0,0,0,0,0,0,0,0.0,0.0,0.0,0.0,0.0,27,0,154,1,0,0,5.7,2.96,5,62.3,0.33,0.57,2018
303,Darius Jackson,DAL,1,RB,0,0,0,0,0,0,0,0,0.0,0.0,0.0,0.0,0.0,6,0,16,0,0,0,2.67,2.0,1,1.0,0.09,0.27,2018
304,Alex Collins,BLT,10,RB,17,15,0,105,0,1,0,1,88.2,0.94,6.18,7.0,6.4,114,0,411,0,7,0,3.61,2.26,25,180.2,0.35,0.83,2018
305,Jonathan Williams,IND,3,RB,1,1,0,1,0,0,0,0,100.0,1.0,1.0,1.0,0.0,3,0,0,0,0,0,0.0,0.67,0,59.8,0.03,0.15,2018
306,Wendell Smallwood,PHI,16,RB,32,28,0,230,0,2,0,3,87.5,0.16,7.19,8.21,8.46,87,0,364,0,3,0,4.18,2.6,14,95.8,0.32,0.9,2018
307,Jordan Howard,CHI,16,RB,26,20,0,145,0,0,0,0,76.9,0.19,5.58,7.25,7.1,250,1,935,2,9,0,3.74,2.74,22,267.0,0.28,0.64,2018
308,DeAndre Washington,OAK,10,RB,1,1,0,9,0,0,0,0,100.0,2.0,9.0,9.0,7.0,29,0,111,0,0,0,3.83,2.76,5,222.1,0.18,0.42,2018
309,Devontae Booker,DEN,16,RB,48,38,0,275,0,0,0,1,79.2,2.15,5.73,7.24,6.13,34,0,183,0,1,0,5.38,3.29,3,294.8,0.22,0.98,2018
310,Kenneth Dixon,BLT,6,RB,7,6,0,51,0,0,0,0,85.7,-1.43,7.29,8.5,9.33,60,0,333,1,2,0,5.55,4.0,19,0.0,0.35,0.81,2018
311,Tyler Ervin,HST,5,RB,3,3,0,35,0,0,0,0,100.0,7.33,11.67,11.67,4.33,0,0,0,0,0,0,0.0,0.0,0,62.2,0.06,1.67,2018
312,C.J. Prosise,SEA,4,RB,3,3,0,22,0,0,0,0,100.0,1.67,7.33,7.33,5.67,1,0,-3,0,0,0,-3.0,0.0,0,172.3,0.12,0.85,2018
313,Kenyan Drake,MIA,16,RB,66,53,0,477,0,5,1,5,80.3,2.12,7.23,9.0,8.25,120,1,535,0,4,1,4.46,2.68,28,44.7,0.33,1.05,2018
314,Derrick Henry,TEN,16,RB,18,15,0,99,0,0,0,0,83.3,-0.89,5.5,6.6,7.53,215,2,1059,2,12,2,4.93,4.21,45,126.8,0.49,0.85,2018
315,Ezekiel Elliott,DAL,15,RB,91,77,0,567,0,3,0,4,84.6,0.19,6.23,7.36,7.69,304,1,1434,7,6,0,4.72,3.12,37,124.4,0.33,0.77,2018
316,Rod Smith,DAL,15,RB,11,9,0,60,0,0,0,0,81.8,-1.0,5.45,6.67,6.89,44,0,127,0,1,0,2.89,2.52,3,1.6,0.19,0.55,2018
317,Malcolm Brown,LA,11,RB,6,5,0,52,0,1,0,0,83.3,1.17,8.67,10.4,8.4,43,0,212,0,0,0,4.93,2.98,9,130.5,0.28,0.73,2018
318,Corey Grant,JAX,5,RB,10,9,0,67,0,0,0,0,90.0,-1.9,6.7,7.44,9.11,13,0,40,0,0,0,3.08,2.85,2,82.1,0.23,0.69,2018
319,Raheem Mostert,SF,8,RB,7,6,0,25,0,0,0,0,85.7,-0.71,3.57,4.17,7.33,34,1,261,0,1,1,7.68,4.35,9,209.5,0.42,0.94,2018
320,Zach Zenner,DET,8,RB,10,7,0,56,0,0,0,2,70.0,-0.1,5.6,8.0,9.43,55,0,265,0,3,0,4.82,3.51,5,207.9,0.45,0.86,2018
321,Marcus Murphy,BUF,11,RB,17,11,0,26,0,0,0,2,64.7,0.53,1.53,2.36,3.73,52,0,250,0,0,0,4.81,2.94,11,0.0,0.17,0.53,2018
322,Cameron Artis-Payne,CAR,6,RB,4,3,0,15,0,0,0,0,75.0,-1.75,3.75,5.0,5.67,19,0,69,0,1,0,3.63,2.32,3,269.9,0.33,0.72,2018
323,Jay Ajayi,PHI,4,RB,6,5,0,20,0,0,0,0,83.3,0.5,3.33,4.0,6.2,45,0,184,0,3,0,4.09,2.67,8,411.2,0.34,0.82,2018
324,Bobby McCain,MIA,3,RB,0,0,0,0,0,0,0,0,0.0,0.0,0.0,0.0,0.0,0,0,0,0,0,0,0.0,0.0,0,223.4,0.0,0.0,2018
325,Mike Davis,SEA,15,RB,42,34,0,214,0,1,0,2,81.0,0.05,5.1,6.29,7.06,112,0,514,1,4,0,4.59,2.94,15,10.4,0.31,0.82,2018
326,Javorius Allen,BLT,13,RB,40,35,0,196,0,2,0,1,87.5,1.05,4.9,5.6,5.43,41,0,110,0,3,0,2.68,2.22,4,64.8,0.25,1.03,2018
327,Jeremy Langford,ATL,1,RB,0,0,0,0,0,0,0,0,0.0,0.0,0.0,0.0,0.0,9,0,25,0,0,0,2.78,2.22,1,5.8,0.16,0.28,2018
328,Ty Montgomery,BLT,13,RB,36,25,1,235,0,0,0,1,69.4,1.64,6.53,9.4,8.8,41,0,188,0,1,0,4.59,2.98,8,0.0,0.23,0.92,2018
329,David Johnson,ARZ,16,RB,70,50,1,446,0,3,0,7,71.4,0.6,6.37,8.92,7.94,258,1,940,1,7,0,3.64,2.38,22,8.6,0.3,0.73,2018
330,Duke Johnson Jr.,CLV,16,RB,61,47,0,429,0,3,0,3,77.0,2.48,7.03,9.13,8.09,40,0,201,0,0,0,5.03,4.13,12,66.8,0.23,1.2,2018
331,Tevin Coleman,ATL,16,RB,40,32,0,276,0,5,0,2,80.0,1.25,6.9,8.63,8.53,167,2,800,2,4,1,4.79,2.91,17,108.5,0.31,0.89,2018
332,Ameer Abdullah,MIN,6,RB,4,3,0,28,0,0,0,0,75.0,3.25,7.0,9.33,10.0,1,0,1,0,0,0,1.0,1.0,0,0.9,0.26,1.1,2018
333,T.J. Yeldon,JAX,14,RB,70,55,0,487,0,4,0,8,78.6,0.87,6.96,8.85,8.09,104,0,414,0,1,0,3.98,2.65,11,7.1,0.29,0.93,2018
334,Melvin Gordon III,LAC,12,RB,61,50,1,490,1,4,1,7,82.0,-0.16,8.03,9.8,10.74,175,0,885,3,10,0,5.06,2.83,41,37.9,0.47,1.1,2018
335,Todd Gurley II,LA,14,RB,76,59,1,580,0,4,0,7,77.6,0.63,7.63,9.83,9.93,256,0,1251,6,17,0,4.89,3.21,31,19.0,0.41,1.07,2018
336,Isaiah Crowell,NYJ,13,RB,26,21,0,152,0,0,0,2,80.8,-0.92,5.85,7.24,8.38,143,3,685,2,6,2,4.79,3.27,21,106.4,0.39,0.79,2018
337,Damien Williams,KC,12,RB,24,23,0,160,0,2,0,0,95.8,-1.88,6.67,6.96,9.48,50,0,256,1,4,0,5.12,2.52,7,4.3,0.43,1.22,2018
338,David Fluellen,TEN,2,RB,0,0,0,0,0,0,0,0,0.0,0.0,0.0,0.0,0.0,4,0,16,0,0,0,4.0,1.75,0,103.9,0.27,0.4,2018
339,Charcandrick West,KC,3,RB,3,2,0,37,0,1,0,0,66.7,6.33,12.33,18.5,12.0,2,0,-1,0,0,0,-0.5,1.0,1,9.6,0.35,2.65,2018
340,Kapri Bibbs,GB,10,RB,21,16,0,115,0,1,0,1,76.2,1.67,5.48,7.19,6.75,21,0,103,0,3,0,4.9,2.33,3,3.1,0.3,1.45,2018
341,Alfred Blue,HST,16,RB,24,20,0,154,0,0,0,1,83.3,2.63,6.42,7.7,5.5,150,0,499,0,2,0,3.33,2.4,12,25.8,0.19,0.51,2018
342,James White,NE,16,RB,116,87,1,751,0,7,0,5,75.0,2.38,6.47,8.63,7.85,94,0,425,0,5,0,4.52,2.0,5,188.7,0.39,1.29,2018
343,Devonta Freeman,ATL,2,RB,7,5,0,23,0,0,0,1,71.4,0.29,3.29,4.6,4.0,14,0,68,0,0,0,4.86,2.21,0,291.5,0.17,0.61,2018
344,Carlos Hyde,JAX,14,RB,15,10,0,33,0,0,0,2,66.7,-0.67,2.2,3.3,5.8,172,0,571,0,5,0,3.32,2.36,25,0.0,0.25,0.52,2018
345,Jeremy Hill,NE,1,RB,1,1,0,6,0,0,0,0,100.0,1.0,6.0,6.0,5.0,4,0,25,0,0,0,6.25,1.5,0,288.6,0.3,0.72,2018
346,Benny Cunningham,CHI,9,RB,2,1,0,9,0,0,0,0,50.0,-4.0,4.5,9.0,14.0,11,0,20,0,0,0,1.82,2.18,0,0.0,0.09,0.28,2018
347,C.J. Anderson,LA,11,RB,7,5,0,41,0,1,0,2,71.4,0.0,5.86,8.2,8.6,67,1,403,2,2,0,6.01,3.84,10,58.1,0.43,0.9,2018
348,Theo Riddick,DET,14,RB,74,61,0,384,0,0,0,5,82.4,0.58,5.19,6.3,6.79,40,0,171,0,0,0,4.28,2.45,6,162.2,0.21,0.85,2018
349,Spencer Ware,KC,13,RB,22,20,0,224,0,0,0,2,90.9,-0.86,10.18,11.2,12.5,51,0,246,0,2,0,4.82,2.78,9,2.7,0.28,0.97,2018
350,Rex Burkhead,NE,8,RB,19,14,0,131,0,1,0,0,73.7,3.0,6.89,9.36,8.64,57,0,186,0,0,0,3.26,2.3,5,0.0,0.3,0.63,2018
351,Kenjon Barner,CAR,6,RB,1,1,0,3,0,0,0,0,100.0,2.0,3.0,3.0,1.0,19,0,71,0,0,0,3.74,1.84,4,3.0,0.17,0.4,2018
352,Latavius Murray,MIN,16,RB,25,22,0,141,0,0,0,0,88.0,1.08,5.64,6.41,5.5,140,0,578,1,6,0,4.13,2.89,14,8.4,0.26,0.73,2018
353,Mike Gillislee,NO,4,RB,1,1,0,9,0,0,0,0,100.0,0.0,9.0,9.0,9.0,16,0,43,0,0,0,2.69,2.19,4,11.0,0.23,0.34,2018
354,Chris Thompson,WAS,10,RB,52,41,0,268,0,1,0,3,78.8,1.06,5.15,6.54,5.56,43,0,178,0,0,0,4.14,2.53,7,25.8,0.23,0.85,2018
355,Christine Michael,IND,1,RB,0,0,0,0,0,0,0,0,0.0,0.0,0.0,0.0,0.0,2,0,9,0,0,0,4.5,4.5,1,125.5,0.3,0.45,2018
356,Giovani Bernard,CIN,12,RB,41,35,0,218,0,0,0,2,85.4,0.15,5.32,6.23,6.77,56,0,211,0,3,0,3.77,2.55,3,134.0,0.24,0.86,2018
357,Harrison Smith,MIN,6,RB,0,0,0,0,0,0,0,0,0.0,0.0,0.0,0.0,0.0,0,0,0,0,0,0,0.0,0.0,0,124.9,0.0,0.0,2018
358,Brandon Bolden,MIA,6,RB,3,3,0,13,0,1,0,0,100.0,-2.0,4.33,4.33,6.33,8,1,91,0,2,1,11.38,1.5,2,33.8,1.15,2.72,2018
359,Travaris Cadet,CAR,1,RB,1,1,0,5,0,0,0,0,100.0,1.0,5.0,5.0,4.0,11,0,17,0,0,0,1.55,1.73,0,25.2,0.11,0.23,2018
360,Alfred Morris,SF,11,RB,10,8,0,73,0,0,0,0,80.0,1.0,7.3,9.13,7.88,111,1,428,1,2,0,3.86,2.94,10,165.8,0.26,0.56,2018
361,Robert Turbin,IND,2,RB,1,1,0,3,0,0,0,0,100.0,2.0,3.0,3.0,1.0,4,0,10,0,0,0,2.5,1.75,0,205.9,0.08,0.36,2018
362,Lamar Miller,HST,14,RB,34,25,0,163,0,1,0,1,73.5,0.79,4.79,6.52,7.04,210,2,973,4,5,1,4.63,3.24,31,128.1,0.26,0.69,2018
363,Akiem Hicks,CHI,2,RB,0,0,0,0,0,0,0,0,0.0,0.0,0.0,0.0,0.0,1,0,1,0,1,0,1.0,0.0,0,0.9,2.03,6.1,2018
364,Doug Martin,OAK,16,RB,23,18,0,116,0,0,0,1,78.3,0.91,5.04,6.44,5.56,172,0,723,2,4,0,4.2,2.72,22,162.8,0.33,0.62,2018
365,Dion Lewis,TEN,16,RB,67,59,0,400,0,1,0,3,88.1,-1.28,5.97,6.78,8.32,155,0,517,0,1,0,3.34,2.47,31,172.1,0.22,0.62,2018
366,Jacquizz Rodgers,TB,16,RB,43,38,0,304,1,0,0,0,88.4,1.67,7.07,8.0,6.37,33,0,106,0,1,0,3.21,2.12,3,152.2,0.18,0.93,2018
367,Bilal Powell,NYJ,7,RB,17,11,0,110,0,1,0,0,64.7,4.94,6.47,10.0,7.64,80,0,343,0,0,0,4.29,2.76,9,4.3,0.27,0.62,2018
368,Taiwan Jones,BUF,3,RB,2,0,0,0,0,0,0,0,0.0,13.5,0.0,0.0,0.0,0,0,0,0,0,0,0.0,0.0,0,0.0,0.0,0.0,2018
369,Stevan Ridley,PIT,9,RB,4,3,0,18,0,0,0,0,75.0,2.75,4.5,6.0,3.33,29,0,80,0,1,0,2.76,2.97,1,9.8,0.28,0.54,2018
370,Mark Ingram II,NO,12,RB,25,21,0,170,0,1,0,1,84.0,0.64,6.8,8.1,7.29,138,0,645,2,6,0,4.67,3.2,23,89.6,0.38,0.84,2018
371,Chris Ivory,BUF,13,RB,20,13,2,205,0,0,0,3,65.0,-0.25,10.25,15.77,15.77,115,0,385,0,1,0,3.35,2.82,17,8.0,0.24,0.56,2018
372,LeGarrette Blount,DET,16,RB,14,10,0,67,0,0,0,2,71.4,-1.57,4.79,6.7,8.9,154,0,418,0,5,0,2.71,2.16,15,140.2,0.3,0.51,2018
373,LeSean McCoy,BUF,14,RB,41,34,0,238,0,0,0,3,82.9,-0.95,5.8,7.0,8.65,161,0,514,1,3,0,3.19,2.01,17,72.6,0.22,0.57,2018
374,Jamaal Charles,JAX,2,RB,3,2,0,7,0,0,0,1,66.7,1.33,2.33,3.5,2.5,6,0,7,0,0,0,1.17,1.17,0,0.0,0.12,0.3,2018
375,Jonathan Stewart,NYG,3,RB,0,0,0,0,0,0,0,0,0.0,0.0,0.0,0.0,0.0,6,0,17,0,0,0,2.83,2.0,0,182.0,0.1,0.28,2018
376,Marshawn Lynch,OAK,6,RB,19,15,0,84,0,0,0,4,78.9,-0.47,4.42,5.6,6.33,90,1,376,1,3,0,4.18,3.46,24,55.4,0.34,0.68,2018
377,Adrian Peterson,WAS,16,RB,25,20,1,208,0,1,0,1,80.0,0.0,8.32,10.4,10.35,251,3,1042,3,7,2,4.15,3.0,45,0.4,0.38,0.68,2018
378,Darren Sproles,PHI,6,RB,22,15,0,160,0,2,0,2,68.2,1.0,7.27,10.67,8.87,29,0,120,0,1,0,4.14,3.07,3,55.8,0.36,1.22,2018
379,Frank Gore,MIA,14,RB,16,12,0,124,0,1,0,0,75.0,1.06,7.75,10.33,9.92,156,0,722,1,0,0,4.63,3.29,23,29.7,0.29,0.57,2018
380,Patrick Ricard,BLT,10,RB,0,0,0,0,0,0,0,0,0.0,0.0,0.0,0.0,0.0,0,0,0,0,0,0,0.0,0.0,0,5.4,0.0,0.0,2018
381,Sam Hubbard,CIN,7,RB,0,0,0,0,0,0,0,0,0.0,0.0,0.0,0.0,0.0,0,0,0,0,0,0,0.0,0.0,0,229.5,0.0,0.0,2018
382,Ricky Ortiz,ATL,12,RB,3,3,0,11,0,0,0,0,100.0,-0.67,3.67,3.67,4.33,0,0,0,0,0,0,0.0,0.0,0,108.6,0.02,0.87,2018
383,Bilal Nichols,CHI,1,RB,0,0,0,0,0,0,0,0,0.0,0.0,0.0,0.0,0.0,0,0,0,0,0,0,0.0,0.0,0,9.4,0.0,0.0,2018
384,Buddy Howell,HST,3,RB,0,0,0,0,0,0,0,0,0.0,0.0,0.0,0.0,0.0,0,0,0,0,0,0,0.0,0.0,0,142.5,0.0,0.0,2018
385,Dare Ogunbowale,TB,1,RB,0,0,0,0,0,0,0,0,0.0,0.0,0.0,0.0,0.0,0,0,0,0,0,0,0.0,0.0,0,0.0,0.0,0.0,2018
386,Shane Smith,NYG,2,RB,0,0,0,0,0,0,0,0,0.0,0.0,0.0,0.0,0.0,0,0,0,0,0,0,0.0,0.0,0,12.0,0.0,0.0,2018
387,Alex Armah,CAR,16,RB,1,1,0,5,0,0,0,0,100.0,0.0,5.0,5.0,5.0,9,0,15,0,2,0,1.67,1.22,0,88.4,0.13,1.45,2018
388,Ryan Anderson,WAS,8,RB,0,0,0,0,0,0,0,0,0.0,0.0,0.0,0.0,0.0,0,0,0,0,0,0,0.0,0.0,0,0.0,0.0,0.0,2018
389,C.J. Ham,MIN,15,RB,14,11,0,85,0,0,0,1,78.6,0.21,6.07,7.73,7.73,6,0,8,0,0,0,1.33,1.0,0,14.7,0.11,0.87,2018
390,Elijhaa Penny,NYG,13,RB,9,8,0,50,0,0,0,0,88.9,0.11,5.56,6.25,6.63,7,0,25,0,0,0,3.57,2.14,2,1.3,0.09,0.77,2018
391,Tre Madden,SEA,14,RB,3,2,0,35,0,0,0,0,66.7,7.0,11.67,17.5,9.5,3,0,3,0,0,0,1.0,0.67,0,12.2,0.06,0.96,2018
392,Tra Carson,GB,2,RB,0,0,0,0,0,0,0,0,0.0,0.0,0.0,0.0,0.0,0,0,0,0,0,0,0.0,0.0,0,0.0,0.0,0.0,2018
393,Rob Kelley,WAS,2,RB,0,0,0,0,0,0,0,0,0.0,0.0,0.0,0.0,0.0,4,0,8,0,0,0,2.0,2.0,0,0.0,0.09,0.2,2018
394,Derek Watt,LAC,16,RB,1,1,0,2,0,0,0,0,100.0,2.0,2.0,2.0,0.0,4,0,11,0,0,0,2.75,1.75,1,0.9,0.01,0.36,2018
395,Danny Vitale,GB,5,RB,2,1,0,2,0,0,0,0,50.0,3.5,1.0,2.0,0.0,0,0,0,0,0,0,0.0,0.0,0,0.0,0.04,0.7,2018
396,Andy Janovich,DEN,16,RB,9,8,0,112,0,1,0,0,88.9,5.56,12.44,14.0,8.13,2,0,5,0,0,0,2.5,1.0,0,15.1,0.09,2.17,2018
397,Jonathan Bullard,CHI,1,RB,0,0,0,0,0,0,0,0,0.0,0.0,0.0,0.0,0.0,0,0,0,0,0,0,0.0,0.0,0,1.0,0.0,0.0,2018
398,Roosevelt Nix,PIT,15,RB,5,4,0,38,0,0,0,0,80.0,1.8,7.6,9.5,10.5,1,0,4,0,0,0,4.0,5.0,1,3.7,0.06,1.24,2018
399,Michael Burton,CHI,8,RB,1,1,0,6,0,0,0,0,100.0,1.0,6.0,6.0,5.0,0,0,0,0,0,0,0.0,0.0,0,0.0,0.02,1.1,2018
400,Keith Smith,OAK,16,RB,7,5,0,23,0,0,0,1,71.4,2.29,3.29,4.6,3.8,1,0,0,0,0,0,0.0,0.0,0,8.7,0.03,0.8,2018
401,Zach Line,NO,16,RB,10,5,0,14,0,2,0,3,50.0,2.2,1.4,2.8,2.0,9,0,41,0,0,0,4.56,2.56,1,3.3,0.09,1.43,2018
402,Tommy Bohanon,JAX,16,RB,8,6,0,41,0,0,0,0,75.0,1.5,5.13,6.83,5.5,1,0,0,0,0,0,0.0,1.0,0,0.0,0.04,1.01,2018
403,Kyle Juszczyk,SF,16,RB,37,30,1,324,0,1,0,1,81.1,4.86,8.76,10.8,5.9,8,0,30,0,0,0,3.75,2.38,1,31.1,0.09,1.48,2018
404,Jamize Olawale,DAL,16,RB,4,2,0,13,0,0,0,1,50.0,0.75,3.25,6.5,6.0,0,0,0,0,0,0,0.0,0.0,0,10.3,0.02,1.15,2018
405,Derrick Coleman,ARZ,16,RB,3,2,0,17,0,0,0,0,66.7,9.33,5.67,8.5,4.0,2,0,3,0,0,0,1.5,1.0,0,11.7,0.04,0.75,2018
406,Melvin Ingram III,LAC,1,RB,0,0,0,0,0,0,0,0,0.0,0.0,0.0,0.0,0.0,1,0,0,0,0,0,0.0,0.0,0,13.5,0.0,0.0,2018
407,Patrick DiMarco,BUF,16,RB,4,3,0,62,0,0,0,0,75.0,6.75,15.5,20.67,11.33,1,0,9,0,0,0,9.0,3.0,0,12.8,0.05,2.15,2018
408,Nick Bellore,DET,14,RB,4,4,0,15,0,0,0,0,100.0,0.25,3.75,3.75,3.5,1,0,0,0,0,0,0.0,0.0,0,0.0,0.03,0.7,2018
409,Anthony Sherman,KC,16,RB,9,8,0,96,0,1,0,1,88.9,4.44,10.67,12.0,7.38,1,0,2,0,0,0,2.0,1.0,0,1.4,0.2,2.2,2018
410,James Develin,NE,16,RB,17,12,0,61,0,0,0,0,70.6,2.24,3.59,5.08,3.25,6,0,8,0,4,0,1.33,0.67,0,0.0,0.09,2.05,2018
411,Earl Mitchell,SF,3,RB,0,0,0,0,0,0,0,0,0.0,0.0,0.0,0.0,0.0,0,0,0,0,0,0,0.0,0.0,0,2.6,0.0,0.0,2018
412,Kyle Williams,BUF,1,RB,1,1,0,9,0,0,0,0,100.0,-1.0,9.0,9.0,10.0,0,0,0,0,0,0,0.0,0.0,0,0.0,0.7,1.4,2018
413,Anthony Firkser,TEN,12,TE,20,19,0,225,0,1,0,0,95.0,6.5,11.25,11.84,5.26,0,0,0,0,0,0,0.0,0.0,0,8.6,0.21,2.0,2018
414,Matt Flanagan,WAS,3,TE,1,1,0,14,0,0,0,0,100.0,6.0,14.0,14.0,8.0,0,0,0,0,0,0,0.0,0.0,0,0.0,0.03,1.9,2018
415,Garrett Dickerson,NYG,2,TE,0,0,0,0,0,0,0,0,0.0,0.0,0.0,0.0,0.0,0,0,0,0,0,0,0.0,0.0,0,40.6,0.0,0.0,2018
416,Donnie Ernsberger,TB,2,TE,0,0,0,0,0,0,0,0,0.0,0.0,0.0,0.0,0.0,0,0,0,0,0,0,0.0,0.0,0,0.0,0.0,0.0,2018
417,Jordan Franks,CIN,5,TE,3,2,0,37,0,0,0,0,66.7,15.0,12.33,18.5,7.0,0,0,0,0,0,0,0.0,0.0,0,46.4,0.28,2.35,2018
418,Chris Herndon,NYJ,16,TE,54,39,0,502,0,4,0,2,72.2,10.57,9.3,12.87,4.79,0,0,0,0,0,0,0.0,0.0,0,7.3,0.15,2.4,2018
419,Mike Gesicki,MIA,16,TE,31,22,0,202,0,0,0,0,71.0,8.81,6.52,9.18,4.59,0,0,0,0,0,0,0.0,0.0,0,9.3,0.08,1.42,2018
420,Will Dissly,SEA,4,TE,12,8,1,156,1,2,0,0,66.7,11.5,13.0,19.5,12.0,0,0,0,0,0,0,0.0,0.0,0,4.1,0.25,3.95,2018
421,Blake Jarwin,DAL,16,TE,35,27,0,307,1,3,0,3,77.1,8.86,8.77,11.37,4.19,0,0,0,0,0,0,0.0,0.0,0,0.3,0.16,2.3,2018
422,Sean Culkin,LAC,13,TE,1,1,0,24,0,0,0,0,100.0,21.0,24.0,24.0,3.0,0,0,0,0,0,0,0.0,0.0,0,0.0,0.02,2.9,2018
423,Mason Schreck,CIN,3,TE,0,0,0,0,0,0,0,0,0.0,0.0,0.0,0.0,0.0,0,0,0,0,0,0,0.0,0.0,0,13.6,0.0,0.0,2018
424,Roy Robertson-Harris,CHI,2,TE,0,0,0,0,0,0,0,0,0.0,0.0,0.0,0.0,0.0,0,0,0,0,0,0,0.0,0.0,0,19.6,0.0,0.0,2018
425,Alex Ellis,KC,2,TE,0,0,0,0,0,0,0,0,0.0,0.0,0.0,0.0,0.0,0,0,0,0,0,0,0.0,0.0,0,3.5,0.0,0.0,2018
426,David Grinnage,JAX,4,TE,8,6,0,61,0,0,0,1,75.0,9.0,7.63,10.17,2.83,0,0,0,0,0,0,0.0,0.0,0,3.6,0.12,1.52,2018
427,Joshua Perkins,PHI,8,TE,11,5,0,67,0,0,0,2,45.5,11.36,6.09,13.4,3.4,0,0,0,0,0,0,0.0,0.0,0,12.8,0.1,1.84,2018
428,Rico Gathers,DAL,15,TE,7,3,0,45,0,0,0,0,42.9,11.0,6.43,15.0,9.33,0,0,0,0,0,0,0.0,0.0,0,1.1,0.04,2.0,2018
429,Gabe Holmes,ARZ,8,TE,0,0,0,0,0,0,0,0,0.0,0.0,0.0,0.0,0.0,0,0,0,0,0,0,0.0,0.0,0,5.5,0.0,0.0,2018
430,Neal Sterling,NYJ,5,TE,7,6,0,47,0,0,0,0,85.7,4.86,6.71,7.83,4.83,0,0,0,0,0,0,0.0,0.0,0,1.0,0.06,1.28,2018
431,Nick O'Leary,MIA,12,TE,10,8,0,86,0,1,0,0,80.0,3.7,8.6,10.75,8.38,0,0,0,0,0,0,0.0,0.0,0,8.3,0.05,2.33,2018
432,James O'Shaughnessy,JAX,14,TE,35,24,0,214,0,0,0,1,68.6,6.49,6.11,8.92,4.96,0,0,0,0,0,0,0.0,0.0,0,19.8,0.06,1.39,2018
433,Blake Bell,JAX,10,TE,9,8,0,67,0,0,0,0,88.9,5.67,7.44,8.38,4.75,0,0,0,0,0,0,0.0,0.0,0,2.3,0.05,1.34,2018
434,Erik Swoope,IND,7,TE,10,8,0,87,0,3,0,0,80.0,11.2,8.7,10.88,1.75,0,0,0,0,0,0,0.0,0.0,0,0.9,0.39,3.84,2018
435,Xavier Grimble,PIT,15,TE,7,6,0,86,0,0,0,0,85.7,4.71,12.29,14.33,9.17,0,0,0,0,0,0,0.0,0.0,0,6.5,0.07,1.93,2018
436,Logan Thomas,BUF,12,TE,16,12,0,77,0,0,0,1,75.0,8.69,4.81,6.42,2.67,0,0,0,0,0,0,0.0,0.0,0,28.6,0.05,1.14,2018
437,Austin Seferian-Jenkins,JAX,5,TE,17,11,0,90,0,1,0,1,64.7,6.71,5.29,8.18,2.73,0,0,0,0,0,0,0.0,0.0,0,0.9,0.09,1.86,2018
438,Eric Ebron,IND,16,TE,108,66,1,750,1,13,1,5,61.1,10.52,6.94,11.36,3.7,3,0,-8,0,1,0,-2.67,-2.0,0,0.0,0.3,2.77,2018
439,Demetrius Harris,KC,15,TE,25,12,0,164,0,3,0,3,48.0,8.92,6.56,13.67,6.42,0,0,0,0,0,0,0.0,0.0,0,3.1,0.11,3.37,2018
440,Jordan Reed,WAS,13,TE,78,54,0,558,0,2,0,2,69.2,6.67,7.15,10.33,4.46,0,0,0,0,0,0,0.0,0.0,0,180.0,0.19,1.76,2018
441,Tyler Eifert,CIN,4,TE,18,15,0,179,0,1,0,1,83.3,10.61,9.94,11.93,3.47,0,0,0,0,0,0,0.0,0.0,0,87.4,0.24,2.09,2018
442,Derek Carrier,OAK,16,TE,11,7,0,67,0,1,0,0,63.6,9.91,6.09,9.57,2.86,0,0,0,0,0,0,0.0,0.0,0,0.0,0.07,2.31,2018
443,Orson Charles,CLV,13,TE,4,3,0,23,0,0,0,1,75.0,4.5,5.75,7.67,8.0,0,0,0,0,0,0,0.0,0.0,0,12.6,0.02,1.27,2018
444,Dwayne Allen,NE,13,TE,4,3,0,27,0,0,0,0,75.0,7.75,6.75,9.0,9.33,0,0,0,0,0,0,0.0,0.0,0,16.7,0.01,1.4,2018
445,Jermaine Gresham,ARZ,13,TE,12,9,0,94,0,0,0,1,75.0,2.17,7.83,10.44,8.33,0,0,0,0,0,0,0.0,0.0,0,23.4,0.03,1.54,2018
446,Marcedes Lewis,GB,16,TE,3,3,0,39,0,0,0,0,100.0,2.67,13.0,13.0,10.33,0,0,0,0,0,0,0.0,0.0,0,33.7,0.03,1.8,2018
447,Vernon Davis,WAS,14,TE,35,25,2,367,0,2,1,2,71.4,11.6,10.49,14.68,6.92,0,0,0,0,0,0,0.0,0.0,0,73.1,0.14,2.45,2018
448,Antonio Gates,LAC,16,TE,44,28,0,333,0,2,0,0,63.6,8.73,7.57,11.89,4.32,0,0,0,0,0,0,0.0,0.0,0,2.1,0.16,2.12,2018
449,Dan Arnold,NO,10,TE,19,12,0,150,0,1,0,1,63.2,10.63,7.89,12.5,2.33,0,0,0,0,0,0,0.0,0.0,0,31.3,0.19,2.25,2018
450,Mark Andrews,BLT,16,TE,48,34,2,552,0,3,1,3,70.8,11.19,11.5,16.24,5.82,0,0,0,0,0,0,0.0,0.0,0,53.1,0.22,2.65,2018
451,Dalton Schultz,DAL,11,TE,16,12,0,116,0,0,0,0,75.0,4.06,7.25,9.67,5.67,0,0,0,0,0,0,0.0,0.0,0,171.6,0.06,1.47,2018
452,Hayden Hurst,BLT,12,TE,21,13,0,163,0,1,0,0,61.9,7.19,7.76,12.54,5.62,1,0,0,0,0,0,0.0,2.0,0,0.0,0.1,2.06,2018
453,Dallas Goedert,PHI,16,TE,43,33,0,334,0,4,0,2,76.7,8.0,7.77,10.12,5.36,0,0,0,0,0,0,0.0,0.0,0,31.7,0.14,2.24,2018
454,Durham Smythe,MIA,15,TE,9,6,0,50,0,0,0,0,66.7,5.0,5.56,8.33,1.67,0,0,0,0,0,0,0.0,0.0,0,38.7,0.05,1.33,2018
455,Tyler Conklin,MIN,16,TE,7,5,0,77,0,0,0,1,71.4,8.71,11.0,15.4,6.0,0,0,0,0,0,0,0.0,0.0,0,92.2,0.07,2.04,2018
456,Jordan Akins,HST,16,TE,24,17,0,225,0,0,0,0,70.8,6.96,9.38,13.24,7.35,0,0,0,0,0,0,0.0,0.0,0,44.0,0.08,1.82,2018
457,Ian Thomas,CAR,15,TE,47,36,0,333,0,2,0,4,76.6,6.98,7.09,9.25,4.17,0,0,0,0,0,0,0.0,0.0,0,0.0,0.12,1.76,2018
458,Jordan Thomas,HST,16,TE,23,20,0,215,0,4,0,1,87.0,6.87,9.35,10.75,5.0,0,0,0,0,0,0,0.0,0.0,0,28.7,0.12,2.77,2018
459,Deon Yelder,KC,1,TE,0,0,0,0,0,0,0,0,0.0,0.0,0.0,0.0,0.0,0,0,0,0,0,0,0.0,0.0,0,33.4,0.0,0.0,2018
460,Antony Auclair,TB,16,TE,8,7,0,48,0,0,0,0,87.5,4.63,6.0,6.86,1.71,0,0,0,0,0,0,0.0,0.0,0,6.6,0.02,1.19,2018
461,Ross Dwelley,SF,7,TE,2,2,0,14,0,0,0,0,100.0,6.5,7.0,7.0,0.5,0,0,0,0,0,0,0.0,0.0,0,177.2,0.06,1.2,2018
462,Tyrone Swoopes,SEA,1,TE,1,1,0,23,0,0,0,0,100.0,10.0,23.0,23.0,13.0,0,0,0,0,0,0,0.0,0.0,0,20.4,0.1,2.8,2018
463,Johnny Mundt,LA,9,TE,1,1,0,5,0,0,0,0,100.0,0.0,5.0,5.0,5.0,0,0,0,0,0,0,0.0,0.0,0,61.9,0.02,1.0,2018
464,Robert Tonyan,GB,11,TE,5,4,1,77,0,1,1,1,80.0,14.6,15.4,19.25,3.0,0,0,0,0,0,0,0.0,0.0,0,119.7,0.23,3.92,2018
465,Jason Croom,BUF,15,TE,33,22,0,259,0,2,0,2,66.7,8.06,7.85,11.77,6.27,0,0,0,0,0,0,0.0,0.0,0,0.0,0.13,2.22,2018
466,Darrell Daniels,ARZ,7,TE,2,0,0,0,0,0,0,0,0.0,26.5,0.0,0.0,0.0,0,0,0,0,0,0,0.0,0.0,0,10.0,0.0,0.0,2018
467,Mo Alie-Cox,IND,9,TE,13,7,0,133,0,2,0,2,53.8,12.38,10.23,19.0,6.86,0,0,0,0,0,0,0.0,0.0,0,15.4,0.12,4.11,2018
468,Jacob Hollister,NE,7,TE,5,4,0,52,0,0,0,1,80.0,8.0,10.4,13.0,4.25,0,0,0,0,0,0,0.0,0.0,0,1.2,0.12,1.8,2018
469,Ricky Seals-Jones,ARZ,15,TE,66,34,1,343,0,1,0,4,51.5,9.74,5.2,10.09,2.91,0,0,0,0,0,0,0.0,0.0,0,112.5,0.11,1.69,2018
470,Eric Saubert,ATL,16,TE,9,5,0,48,0,0,0,2,55.6,6.0,5.33,9.6,3.0,0,0,0,0,0,0,0.0,0.0,0,20.3,0.04,1.46,2018
471,Jeremy Sprinkle,WAS,16,TE,8,5,0,41,0,1,0,0,62.5,7.0,5.13,8.2,4.2,0,0,0,0,0,0,0.0,0.0,0,9.8,0.03,2.52,2018
472,Jordan Leggett,NYJ,15,TE,22,14,0,114,0,1,0,1,63.6,6.91,5.18,8.14,3.5,0,0,0,0,0,0,0.0,0.0,0,3.0,0.07,1.74,2018
473,George Kittle,SF,16,TE,128,88,6,1377,4,5,3,6,68.8,7.65,10.76,15.65,9.92,1,0,10,0,0,0,10.0,1.0,0,0.0,0.23,2.39,2018
474,Jake Butt,DEN,3,TE,11,8,0,85,0,0,0,0,72.7,7.0,7.73,10.63,5.25,0,0,0,0,0,0,0.0,0.0,0,71.8,0.13,1.56,2018
475,Michael Roberts,DET,8,TE,18,9,0,100,0,3,0,1,50.0,7.72,5.56,11.11,2.67,0,0,0,0,0,0,0.0,0.0,0,57.9,0.2,3.61,2018
476,Jonnu Smith,TEN,13,TE,29,20,1,258,0,3,1,3,69.0,5.9,8.9,12.9,9.15,0,0,0,0,0,0,0.0,0.0,0,93.0,0.09,2.69,2018
477,Adam Shaheen,CHI,6,TE,6,5,0,48,0,1,0,0,83.3,10.5,8.0,9.6,2.6,0,0,0,0,0,0,0.0,0.0,0,27.6,0.08,2.66,2018
478,Gerald Everett,LA,16,TE,48,33,1,320,0,3,1,1,68.8,7.04,6.67,9.7,4.36,2,0,16,0,0,0,8.0,3.0,1,1.3,0.18,1.95,2018
479,David Njoku,CLV,16,TE,83,56,2,639,0,4,0,8,67.5,9.04,7.7,11.41,5.63,0,0,0,0,0,0,0.0,0.0,0,61.1,0.13,2.07,2018
480,Evan Engram,NYG,11,TE,63,45,2,577,0,3,0,3,71.4,5.54,9.16,12.82,8.67,3,0,36,0,0,0,12.0,6.67,2,5.9,0.21,2.12,2018
481,O.J. Howard,TB,10,TE,47,34,1,565,0,5,1,2,72.3,11.6,12.02,16.62,6.38,0,0,0,0,0,0,0.0,0.0,0,60.3,0.24,3.04,2018
482,Ben Braunecker,CHI,14,TE,5,3,0,42,0,0,0,0,60.0,15.8,8.4,14.0,1.0,0,0,0,0,0,0,0.0,0.0,0,64.7,0.05,1.9,2018
483,Cole Wick,TEN,3,TE,1,0,0,0,0,0,0,1,0.0,3.0,0.0,0.0,0.0,0,0,0,0,0,0,0.0,0.0,0,65.7,0.0,0.0,2018
484,Hakeem Valles,DET,3,TE,3,2,0,11,0,0,0,0,66.7,9.33,3.67,5.5,0.5,0,0,0,0,0,0,0.0,0.0,0,25.4,0.07,1.05,2018
485,Alan Cross,TB,14,TE,4,2,0,9,0,0,0,1,50.0,3.75,2.25,4.5,2.5,0,0,0,0,0,0,0.0,0.0,0,62.4,0.02,0.95,2018
486,David Morgan,MIN,11,TE,6,5,0,36,0,0,0,0,83.3,2.17,6.0,7.2,5.2,0,0,0,0,0,0,0.0,0.0,0,0.0,0.03,1.22,2018
487,Temarrick Hemingway,DEN,2,TE,0,0,0,0,0,0,0,0,0.0,0.0,0.0,0.0,0.0,0,0,0,0,0,0,0.0,0.0,0,1.6,0.0,0.0,2018
488,Seth DeValve,CLV,12,TE,7,5,0,74,0,1,0,0,71.4,12.71,10.57,14.8,3.4,0,0,0,0,0,0,0.0,0.0,0,0.0,0.16,3.18,2018
489,Nick Kwiatkoski,CHI,1,TE,0,0,0,0,0,0,0,0,0.0,0.0,0.0,0.0,0.0,0,0,0,0,0,0,0.0,0.0,0,70.0,0.0,0.0,2018
490,Tyler Higbee,LA,16,TE,29,24,0,292,0,2,0,1,82.8,7.41,10.07,12.17,5.75,0,0,0,0,0,0,0.0,0.0,0,1.0,0.07,2.22,2018
491,Nick Vannett,SEA,15,TE,40,29,0,269,0,3,0,1,72.5,6.45,6.72,9.28,4.76,0,0,0,0,0,0,0.0,0.0,0,3.7,0.11,2.05,2018
492,Austin Hooper,ATL,16,TE,86,71,0,660,0,4,0,2,82.6,6.97,7.67,9.3,3.25,0,0,0,0,0,0,0.0,0.0,0,4.6,0.16,1.77,2018
493,Chris Manhertz,CAR,16,TE,5,2,1,52,0,1,1,0,40.0,7.2,10.4,26.0,22.5,0,0,0,0,0,0,0.0,0.0,0,21.0,0.04,6.1,2018
494,Daniel Brown,CHI,9,TE,0,0,0,0,0,0,0,0,0.0,0.0,0.0,0.0,0.0,0,0,0,0,0,0,0.0,0.0,0,13.3,0.0,0.0,2018
495,Brian Parker,DEN,11,TE,8,5,0,33,0,0,0,0,62.5,3.88,4.13,6.6,5.8,0,0,0,0,0,0,0.0,0.0,0,73.4,0.04,1.16,2018
496,Khari Lee,BUF,2,TE,1,1,0,5,0,0,0,0,100.0,-1.0,5.0,5.0,6.0,0,0,0,0,0,0,0.0,0.0,0,1.7,0.02,1.0,2018
497,Matt Lengel,CIN,11,TE,7,3,0,17,0,1,0,0,42.9,5.86,2.43,5.67,2.0,0,0,0,0,0,0,0.0,0.0,0,53.9,0.07,3.07,2018
498,Matt LaCosse,DEN,15,TE,34,24,1,250,0,1,0,1,70.6,5.71,7.35,10.42,6.17,0,0,0,0,0,0,0.0,0.0,0,43.1,0.1,1.79,2018
499,Eric Tomlinson,NYJ,15,TE,13,8,0,72,0,0,0,2,61.5,3.54,5.54,9.0,11.13,0,0,0,0,0,0,0.0,0.0,0,87.2,0.03,1.4,2018
500,Geoff Swaim,DAL,9,TE,30,26,1,242,0,1,0,0,86.7,3.6,8.07,9.31,6.35,0,0,0,0,0,0,0.0,0.0,0,11.9,0.08,1.66,2018
501,Ben Koyack,JAX,7,TE,0,0,0,0,0,0,0,0,0.0,0.0,0.0,0.0,0.0,0,0,0,0,0,0,0.0,0.0,0,71.3,0.0,0.0,2018
502,Darren Waller,OAK,4,TE,6,6,1,75,0,0,0,0,100.0,2.67,12.5,12.5,9.83,1,0,21,0,0,0,21.0,5.0,0,12.6,0.3,1.8,2018
503,A.J. Derby,MIA,4,TE,5,3,0,48,0,1,0,0,60.0,9.2,9.6,16.0,2.67,0,0,0,0,0,0,0.0,0.0,0,68.9,0.1,4.1,2018
504,Nick Boyle,BLT,16,TE,31,23,0,213,0,0,0,3,74.2,3.45,6.87,9.26,6.26,0,0,0,0,0,0,0.0,0.0,0,14.9,0.05,1.43,2018
505,Jesse James,PIT,16,TE,39,30,2,423,1,2,0,2,76.9,7.87,10.85,14.1,6.13,0,0,0,0,0,0,0.0,0.0,0,0.0,0.12,2.31,2018
506,C.J. Uzomah,CIN,16,TE,63,43,0,439,0,3,0,4,68.3,7.78,6.97,10.21,4.67,0,0,0,0,0,0,0.0,0.0,0,0.0,0.1,1.94,2018
507,MyCole Pruitt,TEN,14,TE,11,9,0,102,0,1,0,0,81.8,10.36,9.27,11.33,3.11,0,0,0,0,0,0,0.0,0.0,0,19.2,0.11,2.3,2018
508,Jeff Heuerman,DEN,11,TE,44,31,0,281,0,2,0,3,70.5,5.98,6.39,9.06,4.81,0,0,0,0,0,0,0.0,0.0,0,0.0,0.1,1.79,2018
509,Tyler Kroft,CIN,5,TE,5,4,0,36,0,0,0,1,80.0,5.4,7.2,9.0,4.5,0,0,0,0,0,0,0.0,0.0,0,20.0,0.05,1.4,2018
510,Clive Walford,NYJ,1,TE,0,0,0,0,0,0,0,0,0.0,0.0,0.0,0.0,0.0,0,0,0,0,0,0,0.0,0.0,0,125.9,0.0,0.0,2018
511,Maxx Williams,BLT,13,TE,16,16,0,143,0,1,0,0,100.0,2.94,8.94,8.94,6.0,3,0,8,0,0,0,2.67,1.0,0,25.1,0.08,1.53,2018
512,Jerome Cunningham,DET,3,TE,1,0,0,0,0,0,0,0,0.0,3.0,0.0,0.0,0.0,0,0,0,0,0,0,0.0,0.0,0,152.2,0.0,0.0,2018
513,Cameron Brate,TB,16,TE,48,30,0,289,0,6,0,3,62.5,9.04,6.02,9.63,1.9,0,0,0,0,0,0,0.0,0.0,0,122.7,0.15,2.66,2018
514,Trey Burton,CHI,16,TE,73,54,1,569,1,6,0,3,74.0,8.44,7.79,10.54,3.5,1,0,2,0,0,0,2.0,3.0,0,7.1,0.14,2.18,2018
515,Ryan Hewitt,IND,12,TE,1,1,0,1,0,1,0,0,100.0,1.0,1.0,1.0,0.0,0,0,0,0,0,0,0.0,0.0,0,1.6,0.04,6.6,2018
516,Scott Simonson,NYG,16,TE,13,9,0,86,0,1,0,0,69.2,5.08,6.62,9.56,3.67,0,0,0,0,0,0,0.0,0.0,0,0.0,0.07,2.12,2018
517,Richard Rodgers,PHI,6,TE,1,1,0,7,0,0,0,0,100.0,-3.0,7.0,7.0,10.0,0,0,0,0,0,0,0.0,0.0,0,25.6,0.03,1.2,2018
518,Cyrus Kouandjio,DEN,2,TE,0,0,0,0,0,0,0,0,0.0,0.0,0.0,0.0,0.0,0,0,0,0,0,0,0.0,0.0,0,0.6,0.0,0.0,2018
519,Darren Fells,CLV,16,TE,12,11,1,117,0,3,1,0,91.7,5.83,9.75,10.64,5.91,0,0,0,0,0,0,0.0,0.0,0,13.0,0.08,3.2,2018
520,Jack Doyle,IND,6,TE,32,26,0,245,0,2,0,0,81.3,5.56,7.66,9.42,4.42,0,0,0,0,0,0,0.0,0.0,0,1.4,0.15,1.9,2018
521,Josh Hill,NO,16,TE,23,16,0,185,0,1,0,2,69.6,3.83,8.04,11.56,10.56,0,0,0,0,0,0,0.0,0.0,0,178.1,0.05,2.03,2018
522,Ryan Griffin,HST,14,TE,42,24,1,305,0,0,0,2,57.1,8.52,7.26,12.71,6.33,0,0,0,0,0,0,0.0,0.0,0,34.3,0.06,1.77,2018
523,Luke Willson,DET,14,TE,19,13,0,87,0,0,0,2,68.4,3.74,4.58,6.69,4.77,0,0,0,0,0,0,0.0,0.0,0,59.6,0.04,1.17,2018
524,Levine Toilolo,DET,16,TE,24,21,0,263,0,1,0,0,87.5,7.29,10.96,12.52,5.52,0,0,0,0,0,0,0.0,0.0,0,22.2,0.08,2.04,2018
525,Dion Sims,CHI,8,TE,4,2,0,9,0,0,0,1,50.0,9.25,2.25,4.5,4.0,0,0,0,0,0,0,0.0,0.0,0,49.7,0.01,0.95,2018
526,Travis Kelce,KC,16,TE,139,103,2,1336,5,10,0,8,74.1,9.36,9.61,12.97,5.57,0,0,0,0,0,0,0.0,0.0,0,18.0,0.25,2.38,2018
527,Vance McDonald,PIT,15,TE,67,50,2,610,1,4,1,4,74.6,5.99,9.1,12.2,7.84,0,0,0,0,0,0,0.0,0.0,0,10.7,0.2,2.2,2018
528,Zach Ertz,PHI,16,TE,154,116,0,1163,5,8,0,6,75.3,7.44,7.55,10.03,3.22,0,0,0,0,0,0,0.0,0.0,0,24.4,0.22,1.92,2018
529,Garrett Celek,SF,15,TE,8,5,1,90,0,2,1,1,62.5,11.38,11.25,18.0,8.4,0,0,0,0,0,0,0.0,0.0,0,16.1,0.08,4.7,2018
530,Rhett Ellison,NYG,14,TE,32,25,0,272,0,1,0,2,78.1,6.41,8.5,10.88,5.2,0,0,0,0,0,0,0.0,0.0,0,8.1,0.08,1.83,2018
531,Virgil Green,LAC,16,TE,27,19,0,210,0,1,0,4,70.4,5.07,7.78,11.05,5.47,0,0,0,0,0,0,0.0,0.0,0,0.0,0.05,1.92,2018
532,Charles Clay,BUF,13,TE,32,21,0,184,0,0,0,2,65.6,9.53,5.75,8.76,3.29,0,0,0,0,0,0,0.0,0.0,0,15.4,0.06,1.38,2018
533,Lee Smith,OAK,16,TE,11,10,0,73,0,3,0,0,90.9,3.09,6.64,7.3,5.7,0,0,0,0,0,0,0.0,0.0,0,0.8,0.11,3.03,2018
534,Niles Paul,JAX,6,TE,13,10,0,98,0,0,0,2,76.9,8.15,7.54,9.8,2.8,1,0,-3,0,0,0,-3.0,2.0,0,0.0,0.14,1.32,2018
535,Luke Stocker,TEN,16,TE,21,15,0,165,0,2,0,0,71.4,7.33,7.86,11.0,4.53,1,0,0,0,0,0,0.0,0.0,0,0.0,0.07,2.25,2018
536,Lance Kendricks,GB,16,TE,24,19,0,170,0,1,0,3,79.2,5.67,7.08,8.95,5.95,0,0,0,0,0,0,0.0,0.0,0,71.0,0.1,1.71,2018
537,Kyle Rudolph,MIN,16,TE,76,64,1,634,1,4,1,1,84.2,7.26,8.34,9.91,3.83,0,0,0,0,0,0,0.0,0.0,0,93.1,0.13,1.87,2018
538,Logan Paulsen,ATL,15,TE,9,9,0,91,0,1,0,0,100.0,3.67,10.11,10.11,6.67,0,0,0,0,0,0,0.0,0.0,0,40.4,0.05,2.18,2018
539,Jimmy Graham,GB,16,TE,83,55,1,636,1,2,0,3,66.3,9.73,7.66,11.56,4.71,0,0,0,0,0,0,0.0,0.0,0,90.3,0.13,1.87,2018
540,Ed Dickson,SEA,10,TE,13,12,1,143,0,3,0,0,92.3,7.31,11.0,11.92,6.58,1,0,9,0,0,0,9.0,8.0,0,79.0,0.11,3.02,2018
541,Rob Gronkowski,NE,13,TE,71,47,1,682,2,3,0,2,66.2,12.54,9.61,14.51,3.79,0,0,0,0,0,0,0.0,0.0,0,11.9,0.13,2.33,2018
542,Clinton McDonald,OAK,5,TE,0,0,0,0,0,0,0,0,0.0,0.0,0.0,0.0,0.0,0,0,0,0,0,0,0.0,0.0,0,2.0,0.0,0.0,2018
543,John Phillips,ARZ,8,TE,3,3,0,38,0,0,0,0,100.0,10.0,12.67,12.67,2.67,0,0,0,0,0,0,0.0,0.0,0,207.8,0.04,1.77,2018
544,Jared Cook,OAK,16,TE,99,68,1,896,4,6,0,5,68.7,8.59,9.05,13.18,5.31,0,0,0,0,0,0,0.0,0.0,0,64.5,0.21,2.35,2018
545,Greg Olsen,CAR,9,TE,39,27,0,291,0,4,0,1,69.2,8.92,7.46,10.78,3.3,0,0,0,0,0,0,0.0,0.0,0,83.1,0.16,2.47,2018
546,Delanie Walker,TEN,1,TE,7,4,0,52,0,0,0,0,57.1,7.14,7.43,13.0,4.75,0,0,0,0,0,0,0.0,0.0,0,26.0,0.18,1.8,2018
547,Benjamin Watson,NO,16,TE,44,35,0,400,0,2,0,2,79.5,10.41,9.09,11.43,2.4,0,0,0,0,0,0,0.0,0.0,0,0.0,0.14,1.99,2018
